ticker,n_days,first_date,last_date,ann_return,ann_vol,sharpe,sortino,beta,corr_mkt,idio_vol,alpha_ann,var_95_1d,cvar_95_1d,skew,excess_kurtosis,max_drawdown
HLT,275,2017-01-05,2018-02-07,0.37374203337655887,0.16417475667900766,2.017115058679698,3.132825372761728,1.1084384792972661,0.569225264389895,0.13498146562374036,0.19025918930190183,0.014364499717771184,0.02166944955964713,-0.08878005490695297,1.2007679418305566,-0.09775997626464927
NOC,1258,2013-02-11,2018-02-07,0.3864174036582799,0.1731512797604875,1.974297705833996,3.1832769883841663,0.8068095454601395,0.590041000543759,0.13979771715031603,0.23081472632615627,0.016729790537288174,0.022508329001257318,0.42599997800206,3.242220006080662,-0.10987224157955877
NVDA,1258,2013-02-11,2018-02-07,0.7939905590879566,0.3548023347265988,1.8201378806317126,3.250509580581168,1.1865157991748676,0.423471244562253,0.3214188218730149,0.48249451450408054,0.027190497080890948,0.043000827447422486,2.6887825399675016,31.116429358855097,-0.2527407407407405
LMT,1258,2013-02-11,2018-02-07,0.31508681286031415,0.1603547252237133,1.7889441939430921,2.7685878722497077,0.6785050018389487,0.5358067252364896,0.13539401482028257,0.193486164632012,0.015777804076278018,0.021598917331233217,0.2564536124808914,4.047551021319831,-0.13500938086303882
RTN,1258,2013-02-11,2018-02-07,0.3046973903963677,0.17517777627597153,1.6063016880842953,2.5090368916295205,0.7311066862475231,0.5284922407404081,0.1487150941094461,0.18076954236160078,0.016976352414406825,0.02322775163822115,0.38270962258131086,3.5581777443425193,-0.1497330960854093
STZ,1258,2013-02-11,2018-02-07,0.46482208449167217,0.2650698985281828,1.5633095446788112,3.150085074149038,0.744821151627976,0.355818445754008,0.24772242534520744,0.31188002885893396,0.0177013496393685,0.0273379050346549,8.802264404945038,194.27025858103926,-0.15124970801214688
CTAS,1258,2013-02-11,2018-02-07,0.2963030836538354,0.17871511451674923,1.541318701550291,2.5071108508817437,0.8779718589449169,0.6220942411444805,0.13992363535949318,0.15462576171150683,0.015667949764173055,0.023230151670271842,1.2183826855944766,10.868256420825217,-0.14113118785416434
HII,1258,2013-02-11,2018-02-07,0.3898948177424333,0.2338962416963747,1.5249753362500895,2.3527695941887226,1.009815728860473,0.5467084119644786,0.19584671758502664,0.21770975421804015,0.01967198131033393,0.03169342832044025,0.2813184247397115,6.062161780936242,-0.27565308254963394
BA,1258,2013-02-11,2018-02-07,0.3544236989613285,0.21431981715879242,1.5234787628983348,2.2834505657318114,1.016873444876651,0.6008159380099963,0.17132456051618403,0.18656412364481922,0.01963720541987535,0.029877559697139938,-0.0852339596759793,5.622779213567438,-0.31501484429284243
SPGI,1258,2013-02-11,2018-02-07,0.338194531443345,0.20703990570244343,1.5110073339986003,2.351528011436013,1.1176526068985944,0.683580464757572,0.15111328416150566,0.15902148198737878,0.017822331440022942,0.02758588342268425,0.2815095701608615,4.261115810642647,-0.25619301961506524
FISV,1258,2013-02-11,2018-02-07,0.2631699570563524,0.16466675396341643,1.5017321038604716,2.2342203205653757,0.9589051692545666,0.7374058933503658,0.11122414018706227,0.11531568896485866,0.015384106551591364,0.02300182248343402,-0.1606521875780276,3.1652736709986127,-0.12774972953480035
UNH,1258,2013-02-11,2018-02-07,0.3141515475495016,0.20120790074980988,1.458777818950778,2.2608734124075998,0.861245153184227,0.5420241407622921,0.16908765822542468,0.17498845484452824,0.017903220915849914,0.027046333274324576,0.19359600188036077,2.8112374801241,-0.13213093913872576
ADBE,1258,2013-02-11,2018-02-07,0.3757961197021771,0.2432178122617565,1.4329339429699426,2.2700728943407436,1.102098095228992,0.5738015841235737,0.19919401357550148,0.1968384199163415,0.020915233446562848,0.032688671327075786,0.9148040815079221,10.477827577368245,-0.22718710757639193
GD,1258,2013-02-11,2018-02-07,0.26371034558765905,0.176782359745939,1.4126156041431313,2.193684992543585,0.8973994306674418,0.6428116391279644,0.13541957973170632,0.12622060696561907,0.016404805145991064,0.023514670388794685,0.33632144935463015,3.2102502476501407,-0.18984864300626303
EA,1258,2013-02-11,2018-02-07,0.4802215402464469,0.31840180209780133,1.3879148437647717,2.3527099395757736,0.9574463427149025,0.3807814613377507,0.29441502239068684,0.3101456970292029,0.026867691672835817,0.038880607855836725,1.9749169002320475,18.27647980462062,-0.27706135209066063
FTV,403,2016-07-05,2018-02-07,0.25998070648449056,0.17859725929831982,1.3831504179724496,2.234976575675749,1.0530874286435745,0.5397969024067444,0.1503423310356434,0.09412043638187467,0.014607963118601464,0.02208988494010095,0.6480264167788283,5.625913742159984,-0.11498322773015313
ALGN,1258,2013-02-11,2018-02-07,0.483365588727545,0.32864013130644115,1.3610301242112595,2.240496356156828,1.1894926091651672,0.45832972174727143,0.29208951132127653,0.2835847791402954,0.0254924773919519,0.041345587659694996,2.013207484574184,27.0264000366093,-0.30617670054730306
AVGO,1258,2013-02-11,2018-02-07,0.46469695209117745,0.3193934908244128,1.3539489023116478,2.170574450558872,1.3535679509542173,0.5366496748413689,0.2695058715495508,0.24615719996992377,0.029308754785898887,0.04028783745121888,0.6601972586710466,5.191965633402557,-0.2671709326669821
CBOE,1258,2013-02-11,2018-02-07,0.27207650477795364,0.19536240023945653,1.3304724288510397,1.9210347344381058,0.5472137895771373,0.35469324638897276,0.18266046985219078,0.18461379648773948,0.01826464896789695,0.027286557270946418,-0.6310486181375338,5.414505217546984,-0.20218392765739612
TSS,1258,2013-02-11,2018-02-07,0.29820527484468706,0.216060723924249,1.31761798038176,1.8770374475425566,1.0290244864168137,0.603096420912884,0.17234478902992864,0.14306563705723616,0.01803320048577726,0.030753478469420552,-1.0908065239712992,15.18230351720103,-0.3265921589497962
AMZN,1258,2013-02-11,2018-02-07,0.4023289442426501,0.2894682523253522,1.3124023375050204,2.0428934988111584,1.0402850757461677,0.4550805745606059,0.2577570813776346,0.2367292107702001,0.022864858134879974,0.03938628975124382,0.7076243935066123,12.020925599329475,-0.30534461143853486
FB,1258,2013-02-11,2018-02-07,0.44640440309942875,0.3190364077172748,1.3115313791255505,2.2506712179852446,1.0426350330919407,0.41383663641433804,0.2904351645219142,0.27493324588162066,0.027746301677291568,0.0392891441387734,3.038091208330942,41.02580658092033,-0.22060252672497593
MCO,1258,2013-02-11,2018-02-07,0.2955704894226474,0.21583725378660426,1.308332819858859,1.925630639970855,1.2295053171937784,0.721341424979008,0.1494844861029566,0.11317586023913334,0.02027805754122023,0.03187880922429204,-0.19435675680158856,3.817710975124847,-0.30513728963684683
GPN,1258,2013-02-11,2018-02-07,0.3367166191036577,0.24497981063637886,1.3070734588302315,2.006056483981186,1.093267167227217,0.5651098534037764,0.20211218228801184,0.16974532920249596,0.02166799179813365,0.0345898251267885,0.5278602194495251,8.995785389215213,-0.2778695293146155
LUV,1258,2013-02-11,2018-02-07,0.37895985948811606,0.27711848979022086,1.2992016060969658,1.9000114897622502,1.1487020093284,0.5249026265782287,0.23587280653057677,0.20194226810195604,0.026775391950015798,0.03939324278296339,-0.3288140428339789,4.2096008349659115,-0.31134283890189374
HRS,1258,2013-02-11,2018-02-07,0.26843568193401235,0.19867956909074844,1.2966087463811793,1.9332987817745702,0.9493214866160888,0.6050579478164745,0.1581849847164971,0.12695896281085736,0.01746201640697056,0.027858500014765954,0.03138176114933172,8.714851817668576,-0.20670535138620227
NFLX,1258,2013-02-11,2018-02-07,0.5933987386640949,0.43420840067842537,1.2867129151727197,2.1255818361059085,1.2081973647420416,0.3523518299617207,0.406361579223078,0.3924229688578412,0.03494340644908533,0.05479945061688182,1.2520008709287622,14.559424145139273,-0.36767738486213997
HD,1258,2013-02-11,2018-02-07,0.2338301532724958,0.17803604483182497,1.269638597298387,1.887415063756927,0.8742364383156073,0.6218101904665787,0.1394321298407612,0.10572433626668945,0.016978931085304766,0.0253208114182796,-0.032288187232549635,2.6492388047135704,-0.16988273712334923
MA,1258,2013-02-11,2018-02-07,0.2637340558538559,0.20038797012738893,1.2685753370874722,1.8788123870246032,1.104936958403486,0.6982367820508395,0.14345111184783535,0.10213989839921277,0.019457889044996957,0.028999635217423606,0.14625986477470704,4.423823445658064,-0.2054187192118223
AOS,1258,2013-02-11,2018-02-07,0.2915524058563954,0.2220296426445041,1.2637158462529834,1.8827467507923539,1.1908488219693838,0.6791763274108417,0.16296423957885342,0.11669138889003232,0.020347880945136388,0.03160363605399676,0.04690820923034457,4.494713551409316,-0.23250061835270852
MAR,1258,2013-02-11,2018-02-07,0.27843339172103,0.2125078114193747,1.2627539990390464,1.863804079762006,1.1335538434369568,0.6754669807283012,0.1567011848970306,0.1123393414542155,0.01963872623767789,0.030529442827491402,-0.20496889630201942,2.8899503156201494,-0.3118000707296946
ITW,1258,2013-02-11,2018-02-07,0.21149804896892754,0.16275474673942883,1.260629227128457,1.8512446771751978,1.0008648089708458,0.7787151510611026,0.10210869024885565,0.06742901848780117,0.016444832532220253,0.02342999375795782,-0.17846274445388763,2.29080997182698,-0.19757539324717033
ATVI,1258,2013-02-11,2018-02-07,0.39023534128573,0.29776051456788777,1.2530256418213785,2.0663045505811235,1.0538030227611275,0.44815598683982666,0.2661846122888971,0.22807154743785057,0.024816387368579492,0.03736580279760128,1.7150558468150445,15.919153900662732,-0.2895401718039411
CHTR,1258,2013-02-11,2018-02-07,0.3512676781786901,0.26961700737645306,1.2506557197594363,2.046913420470474,0.8540686640082686,0.4011274407296396,0.24697517976595154,0.21965655150515145,0.022298824346189065,0.03432275605750336,0.8161885897241853,5.4837300035118055,-0.214186335403727
ANTM,1258,2013-02-11,2018-02-07,0.2923379869640965,0.22621582553723213,1.2471690547248808,1.8754236260094506,0.8704737095331414,0.4872698541401516,0.19754329692752054,0.16233012621185902,0.021997337166808007,0.03063910763581243,0.012103992768851728,1.7308395198405504,-0.31466323666978435
WM,1258,2013-02-11,2018-02-07,0.1765409550984307,0.1395230571237869,1.2353973520783266,1.8138042250155877,0.6237533345559119,0.5661138310563346,0.11501263388776771,0.08652214280425975,0.01285937412609866,0.01970324539073956,-0.23487578730511796,5.24747510884094,-0.1600217470097861
AET,1258,2013-02-11,2018-02-07,0.2915666209605332,0.2341289142728615,1.2099860618920706,1.8404531218991103,0.9441948095603394,0.5106736227405368,0.2012981056307867,0.15334757949341385,0.021385663371156875,0.03159197276320713,0.25141566386115427,4.014456880812556,-0.28876319758672697
V,1258,2013-02-11,2018-02-07,0.2488962325866768,0.2023845568336117,1.1995361589772522,1.8015907160779938,1.0403250644818642,0.6509214162532991,0.15363924823611666,0.09959249026157375,0.019232423507034996,0.028280771827374405,0.28023095476931087,6.304688892735555,-0.15771812080536884
IDXX,1258,2013-02-11,2018-02-07,0.3051891994506184,0.2496839713604788,1.1924274120414795,1.7707990469898434,0.8225907971545869,0.4171863131420622,0.22691803242659697,0.18452066340361079,0.021177673140095908,0.03416893219527541,-0.09817451153980102,22.504524304277115,-0.2582305758410153
ETFC,1258,2013-02-11,2018-02-07,0.3621422586682139,0.3033057783904975,1.1714687635584473,1.7251069064591236,1.5570751914673326,0.6500784503714508,0.2304720819794269,0.1410202231488945,0.02978279606156837,0.04315284955536006,-0.20548282974921642,3.2751907316774123,-0.35056179775280893
BDX,1258,2013-02-11,2018-02-07,0.20288382523766857,0.17050946234728306,1.1687460332495085,1.7510304310798048,0.7627309074538497,0.5664475843674832,0.14051646764759734,0.09431114777455249,0.015788015719821552,0.02414652499566072,0.2681841562314023,5.833514402960156,-0.15247627713505807
AVY,1258,2013-02-11,2018-02-07,0.23980530982687487,0.20178039423675292,1.1660482687078912,1.798697835210123,1.0160539831179505,0.6376387258136875,0.15543861041682222,0.09545089180748034,0.018580012048769384,0.02670618253754318,0.5589436159951952,5.783505538916394,-0.2082853855005754
MSFT,1258,2013-02-11,2018-02-07,0.2665135706471127,0.2255795014775892,1.160549948747724,1.7497285822011666,0.9778305466503515,0.5489096127322709,0.18855777996735298,0.1272220052432018,0.01868792665318225,0.031210965333462116,0.053926614711121514,10.735650073671728,-0.18786534972787716
CME,1258,2013-02-11,2018-02-07,0.22840723059372747,0.19439357231097742,1.1557095734272087,1.7341705786784378,0.752427239282691,0.49013924502925266,0.16944201968463096,0.12110944852092244,0.01966843284636169,0.02736625594711984,0.05528894681693174,1.7956942510510996,-0.20900283553875199
MMC,1258,2013-02-11,2018-02-07,0.1761601516043012,0.15040311186198,1.154271807193433,1.7110295720183126,0.8727016394773494,0.734760563691717,0.10202242460038116,0.05350020100538242,0.013869716094342949,0.021486927311836827,-0.029306212910130143,3.342633119302242,-0.14288101604278136
LRCX,1258,2013-02-11,2018-02-07,0.3219308213816765,0.27709683742433827,1.1462769515497622,1.6799127551749293,1.3014587948107574,0.5947517413312241,0.22276075968770304,0.13851599273054488,0.027875088575537638,0.03955753652134469,-0.07247550446332145,3.8955153501658173,-0.26882102272727315
MMM,1258,2013-02-11,2018-02-07,0.17862331046477542,0.15507359714966557,1.1377165568961596,1.6538635983267356,0.8296149857100076,0.6774474244919048,0.1140676716042585,0.062253744194885684,0.01423681563277398,0.022624306587545853,-0.2380181836367428,5.526097053755909,-0.19671554252199352
AON,1258,2013-02-11,2018-02-07,0.20015169976866587,0.1736488802641318,1.137701051188599,1.6774364260370707,0.8845424315714281,0.6450354041410598,0.13269425826149917,0.07582504969773589,0.01627611330835337,0.025346484126626587,0.13144726642348273,6.2986767546545845,-0.19039418293149746
PYPL,654,2015-07-07,2018-02-07,0.32089260211555337,0.2789378887775068,1.1371520822148908,1.7291889951138708,1.0623914181873353,0.5063720792609139,0.24053235113515437,0.20275914676885187,0.025274597956246425,0.038735644662313176,0.22021680996757817,4.020527948360674,-0.24314306893995563
TMO,1258,2013-02-11,2018-02-07,0.22752329664732396,0.19855060900212448,1.1319910240815043,1.6869463291416207,1.0633363281033712,0.6781664438520282,0.14591649930952952,0.07841547027078428,0.01892291925418512,0.02841796413912785,0.0712473317699013,3.5989417878407655,-0.15981507823613061
SYK,1258,2013-02-11,2018-02-07,0.19262071252769708,0.16888460977111816,1.127921233799481,1.6192723304335555,0.8117509543745475,0.6086527687917352,0.13399924853623954,0.0787710262120628,0.015285526901365625,0.025299690578441208,-0.2963092658861356,3.78650098060928,-0.16263273701329828
SNPS,1258,2013-02-11,2018-02-07,0.20105435227468704,0.17755021418973993,1.1213537610648519,1.5785458395067185,0.8758621939847329,0.6246711501727847,0.13864681865240536,0.07855575730040576,0.015704552691338126,0.026137262532188007,-0.7051350007326971,8.002711584482427,-0.22829398324447825
TXN,1258,2013-02-11,2018-02-07,0.24407163180711744,0.21594425006572981,1.1195532058302493,1.6264092894253934,1.10334812317117,0.6470052203479244,0.16465437465401078,0.08991240309714141,0.021046953530526536,0.0318584404788797,0.1002796195975538,8.452955160718686,-0.27394060727394054
TMK,1258,2013-02-11,2018-02-07,0.176254594936899,0.15592555282592918,1.1195069597504055,1.608193268830074,0.9416382813816889,0.7647221723475273,0.10047221214943569,0.04496644122056235,0.014366311268507775,0.023129104227651732,-0.3869311756398264,2.782364004132476,-0.2303548795944229
RSG,1258,2013-02-11,2018-02-07,0.15754915478163567,0.13966142206086773,1.1178191531624702,1.5877088877231258,0.6472825018281284,0.5868867109333248,0.11307953247426886,0.06703373007812652,0.013354607194695646,0.02084834955654251,-0.4820009972104849,3.8648899301832738,-0.11032731376975158
APH,1258,2013-02-11,2018-02-07,0.20210245977627417,0.18161036211589912,1.1052639688459178,1.550641949947214,1.0123623256799326,0.7058821816026016,0.12863993406273952,0.061400667720374114,0.016926290053160698,0.026960933926436188,-0.8925475502288551,7.5676614632717065,-0.24551495016611324
PGR,1258,2013-02-11,2018-02-07,0.17931664708789508,0.1612562200386374,1.1037941239233537,1.6200543523517112,0.7447783467326108,0.5848539603663309,0.13080114621685693,0.07549328564633304,0.015152866356790147,0.022744653746750904,-0.21295909390013085,2.7680298686023375,-0.19722814498933927
CNC,1258,2013-02-11,2018-02-07,0.35366482057097626,0.3237245752885137,1.0994266232037442,1.576960664153386,1.0722606972601716,0.41943202445618183,0.2938728789168119,0.20834116026123511,0.027722363975606127,0.046834026632289805,-0.6957491167040507,9.075443094054696,-0.37800687285223455
BSX,1258,2013-02-11,2018-02-07,0.2791714569962751,0.25287999706408765,1.0988594854892202,1.7951276751272305,0.9880555644257303,0.4947704564645519,0.21975871132271674,0.14189808815389565,0.020749986241813873,0.031718985300959616,1.2236940885281182,9.871670402485929,-0.18669527896995775
CI,1258,2013-02-11,2018-02-07,0.2588708435891547,0.2348123420765408,1.0980072307092261,1.6416818977704868,0.7975981499772423,0.43013034897859476,0.21198078505800158,0.1480559229426562,0.020544888103544125,0.032695442323626527,0.14361933320503276,6.27472889064401,-0.31654591506155383
LLL,1258,2013-02-11,2018-02-07,0.21777843445875833,0.19879707862937585,1.0911830569142664,1.6010337058069175,0.8588559662574399,0.5470754265874567,0.16640971775440083,0.09872364889039126,0.016148577813793003,0.026532967174464087,-0.38966528819756346,14.544849965365804,-0.2330849702716945
MTD,1258,2013-02-11,2018-02-07,0.23797354998627274,0.2188360604524289,1.0848951296229365,1.6255441658940852,1.118232005601602,0.6470679648166623,0.16684768617846793,0.08351710226059864,0.019612891862040543,0.030430391503858303,0.400751502196317,12.386994169558138,-0.19975786924939476
FIS,1258,2013-02-11,2018-02-07,0.2083558751265655,0.1917637382738215,1.083504918730163,1.5739248068971219,0.9581243735904611,0.6326918931027545,0.14850253331854288,0.07591474903174861,0.01786967764986817,0.026922236738843152,-0.4548850879952405,12.64367278788289,-0.23755102040816312
NDAQ,1258,2013-02-11,2018-02-07,0.21299571090252511,0.19731071700835867,1.0781083123016966,1.5741849518632145,0.8332506248714969,0.5347636046344548,0.16672789295295726,0.09804591317214484,0.018517334409189356,0.026738965454634354,-0.625226564454745,10.51353544250407,-0.16327531257661176
DPS,1258,2013-02-11,2018-02-07,0.20911347522100598,0.1938622068504184,1.0735166725974927,1.8171901119265388,0.5265423209658897,0.3439354962355251,0.18203530891530345,0.13564873872906957,0.01586905733167341,0.023628928991457483,4.691315834462365,89.46846949454822,-0.1637397218556499
AMAT,1258,2013-02-11,2018-02-07,0.29089925294106433,0.2745565226420697,1.0670568663295499,1.6101661469931887,1.2633418000959038,0.5826744419852353,0.22313364076225137,0.11909956215707043,0.027691304714412945,0.03787251983559964,0.3704984231177874,5.3703419625152335,-0.439328911431916
MNST,1258,2013-02-11,2018-02-07,0.32885104587527625,0.31035629119630137,1.0649939464947489,1.922070789547235,0.7723446036071805,0.3151283183578931,0.2945433504606743,0.22423337308367475,0.023974892719233826,0.036078685049213154,3.8839274088139084,52.97728720681144,-0.25696381753443254
BRK.B,1258,2013-02-11,2018-02-07,0.15581530387680553,0.14760842894331302,1.055073648945255,1.5735240819472687,0.9110080465852344,0.7815340853903385,0.09208736994518603,0.030359960229292878,0.0134114938258998,0.020007308273869342,-0.13360258959795576,2.627206444210201,-0.18693914980022308
INTU,1258,2013-02-11,2018-02-07,0.21301302090415897,0.20675422658557457,1.038669610914323,1.4618566308497667,0.9735223378050187,0.596250001836304,0.16598204783449125,0.08076797720821657,0.0185938474054883,0.029910436734958953,-1.0466058921130703,16.187568259793014,-0.2611470860314524
ALL,1258,2013-02-11,2018-02-07,0.16528188468453608,0.16089094146713948,1.0316521776875762,1.5091064929443256,0.7562203977042183,0.5951873103507849,0.12928986888348915,0.0619083913584666,0.014463069669984278,0.022377149576613256,-0.4619034768499314,11.480612490755172,-0.21479746486635387
HUM,1258,2013-02-11,2018-02-07,0.2667995739303979,0.26355978337501634,1.0273629976195073,1.6285883614747965,0.7121582095608521,0.3421639193481199,0.2476513881560812,0.17276054449746353,0.023153417672012767,0.03528176641502013,1.5786170266314912,21.882130220766072,-0.2863391029220177
PNC,1258,2013-02-11,2018-02-07,0.19630129332972968,0.19392002460038923,1.0216553807485556,1.4728467214060261,1.0732692633593708,0.7008464910300399,0.13832550596125187,0.05041037590671021,0.02009188566648793,0.02848817533982161,-0.27425937699560926,2.1260654616800174,-0.22010815141197593
CDNS,1258,2013-02-11,2018-02-07,0.22229391908894036,0.22278298910157396,1.012604518303027,1.481528517679756,0.9405508389699672,0.5346100483084465,0.18827365184044617,0.09614742063951294,0.019607843137254832,0.03151699965430499,0.10259134938678242,10.575299779739144,-0.2016487000634115
XYL,1258,2013-02-11,2018-02-07,0.21558566495215103,0.2173071916631297,1.0069312140493434,1.5115319551726527,1.0606983163363728,0.6180941724576269,0.17082606574767462,0.07283441467671531,0.01970279499156341,0.029928136835038005,0.4153303013985366,11.088019083939878,-0.2342885872297641
GOOGL,1258,2013-02-11,2018-02-07,0.2187789605931041,0.22033235047669253,1.0065548240164515,1.6203330463875074,0.9261871732002823,0.5323010997650691,0.18652347523215648,0.09430975409766577,0.020164504051271688,0.028747626729409028,1.9550244871538098,23.262042144195522,-0.18607501517532998
HON,1258,2013-02-11,2018-02-07,0.1650246931408117,0.16616536952141656,1.002478827338177,1.4990871145955047,1.0123147616974062,0.7714573496901093,0.10572787357555505,0.02725708889651554,0.01571189647419233,0.02244159499339396,0.021137730584402332,4.52000487725045,-0.1464119291705499
NI,1257,2013-02-11,2018-02-07,0.18116357053422494,0.18311575629382898,1.0010126866079307,1.4748201813962036,0.6550631304376774,0.4531747117700624,0.16323336220081525,0.0930515673903697,0.018712332864224978,0.025118060465831125,-0.010698545642979415,1.6582984805847159,-0.2002241314904748
TEL,1258,2013-02-11,2018-02-07,0.19743213368360513,0.20077607578598575,0.9983169908890063,1.432011348574394,1.1449116826273853,0.7220992503071566,0.13889477533281244,0.0428692939566937,0.01873454976667555,0.029796841630122455,-0.3492230829705782,4.68971709674825,-0.288068646145464
TSN,1258,2013-02-11,2018-02-07,0.25322420015406344,0.2610093063854005,0.9967429832849402,1.3928154561332704,0.6548906511933946,0.31772374066332537,0.24748467292187423,0.17002963801428633,0.023532108878327414,0.03918219594516283,-0.728648707605222,11.420665849830135,-0.2682386659718603
MU,1258,2013-02-11,2018-02-07,0.4029545385494122,0.43491039790661773,0.9963626483563086,1.4840410800265986,1.7230694485794134,0.5016951006681865,0.3762168575020669,0.19619043567113387,0.04201164133277863,0.059718483539044395,0.019672376318322294,3.527518659675194,-0.7380104138120032
RCL,1258,2013-02-11,2018-02-07,0.2894240979950744,0.3017328518734794,0.9941486248052589,1.461331309691096,1.330559878228664,0.5584042239514717,0.25030821963427113,0.11684852752973973,0.027433164954550098,0.042374427760211685,-0.24590212800601277,5.790372572367302,-0.36260099289399406
SWKS,1258,2013-02-11,2018-02-07,0.33528981722571727,0.35488978775913294,0.9921422143777878,1.4716405269219073,1.5570354297058384,0.5555739335720935,0.2950791967228119,0.13781359007149582,0.035924828768720274,0.050968025440087904,0.15806935956807255,3.97780323880469,-0.4964839523981245
ABBV,1258,2013-02-11,2018-02-07,0.2571500359419725,0.2675855683068721,0.9890533860207382,1.4585929911925257,1.024580916228833,0.48486456309005166,0.23402746138066918,0.12364810265787153,0.02506862460809396,0.038313340121936025,0.18965727646858563,6.891727735801699,-0.3223360943422716
LOW,1258,2013-02-11,2018-02-07,0.20720377620840136,0.21428574802474848,0.9860221896344501,1.4588084036726015,0.9691947674010579,0.5727362110727053,0.17565854222012114,0.07790473100267299,0.019450881990366906,0.030087529987156563,0.10738917212520015,4.215042823914262,-0.2087050880154332
ROP,1258,2013-02-11,2018-02-07,0.1743347743298349,0.1795881858307384,0.9851602683034694,1.4071655149628184,1.0019067711277336,0.7064581133426022,0.12710441033561018,0.039035372822232475,0.015861478401240674,0.026358711495066103,-0.4940721702844208,5.48120703378709,-0.18446851100959794
BBY,1258,2013-02-11,2018-02-07,0.3611318816241915,0.39406357082175325,0.9819664167447373,1.4474772721681253,1.126661362933074,0.36204618998540333,0.36733035962641514,0.23190002542555213,0.031188267199543308,0.0523645488151239,-0.19387629439156562,25.631457812556835,-0.4874802616738101
DAL,1258,2013-02-11,2018-02-07,0.29845741552474014,0.31848220745651096,0.9794431459206198,1.4551757699859744,1.3691431443578266,0.5443779805224334,0.2671556279487132,0.12350640737176953,0.03174346584619044,0.04352701131895913,0.04910019720964489,1.8193603345034122,-0.36165327210103304
PKG,1258,2013-02-11,2018-02-07,0.23920845221801668,0.2524033670761935,0.9764405435325225,1.427630964613858,1.1634264767419396,0.5836878695554283,0.20494601203585902,0.08633990200698459,0.02101631663193673,0.03578256528109873,-0.1329426111643823,9.934994528297265,-0.46403133903133864
SHW,1258,2013-02-11,2018-02-07,0.1979592459793449,0.2082458676249723,0.9723329430801032,1.3840462198143093,0.9741989233433808,0.5923905500101779,0.16777347889147887,0.06840984715455445,0.018974995546623213,0.030308433451225244,-0.6960880699469575,7.8351625396461735,-0.25133360689372186
ILMN,1258,2013-02-11,2018-02-07,0.3423029398663213,0.38226898609853427,0.965694459481456,1.3897424625525856,1.3245785775347079,0.4387786938702628,0.34350505992437447,0.18685944830431275,0.03111653361364804,0.05224974945630492,-0.9795118124588407,20.334446401964396,-0.4916256978585122
VRSN,1258,2013-02-11,2018-02-07,0.19207063227023435,0.204377727638183,0.9617258533220682,1.421911028580711,0.8991415121246406,0.5570976821247698,0.1697248649712016,0.07281067698954576,0.0191006972156935,0.029105550570862938,0.3773815448844146,8.005476098326884,-0.24916147580258774
NEE,1258,2013-02-11,2018-02-07,0.15509442169034537,0.16430748458273883,0.9598943792269281,1.3951423336886444,0.5031891872160555,0.38780269423559965,0.1514491768159644,0.08846624166800324,0.01595000565182832,0.023098434674699204,-0.12376117643944076,2.6031071424707037,-0.1526061257388499
SCHW,1258,2013-02-11,2018-02-07,0.2527955459170772,0.2808437315502993,0.9436198018302647,1.3656834582847739,1.5281807031154586,0.6890438254398323,0.20353297771757053,0.054693298412174074,0.027423638896801092,0.04084232097396891,-0.2856745585353612,3.0633393516735437,-0.3726708074534161
ROST,1258,2013-02-11,2018-02-07,0.20667949874551006,0.22647129668923768,0.9424419498031271,1.4417884691507816,0.8733833442396459,0.48834709385077635,0.19763005941837372,0.09323635983699716,0.019362046967727538,0.030534007019095016,0.5806724648135205,10.21742823977443,-0.23873101420872145
IQV,1196,2013-05-10,2018-02-07,0.19533627407604293,0.21388316123591403,0.9415147490207882,1.3699079450434626,0.8269872513156993,0.4886760434412282,0.1866056394801412,0.09621022060291803,0.02187411221036345,0.03114298019139143,-0.1903810931932375,1.7397352789161815,-0.2931731984829331
MHK,1258,2013-02-11,2018-02-07,0.21056542194430317,0.23425873747695766,0.932933412424064,1.384767426302058,1.2303892646601928,0.6650948785228846,0.17493478893133688,0.04921504712481708,0.022712160131660806,0.033199354536136066,0.08167651413153879,3.169552127891574,-0.2817867789712767
HPQ,580,2015-10-20,2018-02-07,0.26221712508278294,0.297778129628219,0.9314333724284698,1.3364747059456223,1.3543174696533464,0.5536850080371075,0.24796764813073058,0.1046391113087577,0.02874049405826402,0.045267243949149355,-0.11733316322874543,11.406113047016275,-0.38387978142076506
JPM,1258,2013-02-11,2018-02-07,0.18372582534793724,0.20389999821092952,0.9292917602193294,1.3701635474757314,1.1847619303280525,0.7357846740099392,0.13808425128965063,0.026429309996001082,0.020419746611653248,0.029141960016980408,0.0353265576241649,3.391655354107128,-0.24272260273972524
SBAC,1258,2013-02-11,2018-02-07,0.19130859542797252,0.2129327651891525,0.928838832211909,1.372878371845542,0.8501614765403387,0.5055868813943385,0.183713215150477,0.08077644809573946,0.019186447007225455,0.030075921062494074,-0.09465602614314858,4.1054580632325735,-0.33630185141785784
AWK,1258,2013-02-11,2018-02-07,0.14777428387132407,0.16327739598228994,0.9261301418608339,1.300435773799111,0.46283886188302636,0.35895550681283106,0.1523957204056972,0.08751775640195417,0.016093101541737934,0.023922585210981537,-0.42961227508280153,2.3843458348601865,-0.16835771590372828
IT,1258,2013-02-11,2018-02-07,0.1917895292057885,0.21487112606619868,0.9245191939336694,1.3337653392207602,0.9453645365662173,0.5571320151374476,0.17843412678753034,0.0685463527161964,0.01788540005799208,0.030469677042096216,-0.2807991768693953,10.984366932898492,-0.16931629766897494
FDX,1258,2013-02-11,2018-02-07,0.18770540579687633,0.20993214815583763,0.9241022140137316,1.3993775707992806,1.076962485174324,0.6496186646024072,0.15960305955230164,0.04578142128827905,0.019677995176547104,0.029373111561013975,0.5272431062879245,7.090690599695773,-0.3340901719104764
RE,1258,2013-02-11,2018-02-07,0.15677750062752338,0.17436397530465667,0.9225355209551582,1.3755362033354661,0.6563706374453038,0.47668254752500544,0.1532791001797031,0.07052372046649867,0.015647874066632417,0.02366665884194677,0.09863862974403227,6.345549572740023,-0.22410740631454618
HIG,1258,2013-02-11,2018-02-07,0.18271618388057975,0.20686581083530864,0.9151442409976388,1.3199909683419084,1.116345463451835,0.6833556048635665,0.151029768603613,0.03567461756343203,0.019122003748566152,0.02989475942095813,-0.3586426384429882,4.191131851864279,-0.240258429234807
AIZ,1258,2013-02-11,2018-02-07,0.1810441754182055,0.20532457471402166,0.9142730392952785,1.2752072424695173,0.8983706104348175,0.5540532065572409,0.17092886018007794,0.06408415105926675,0.018579762562896382,0.02949097925168894,-1.0530055227291037,14.280152442057636,-0.23706946204354296
DLTR,1258,2013-02-11,2018-02-07,0.20941119125035845,0.24067800217846175,0.909962922396877,1.385781617329973,0.8263970820461024,0.43479971024289443,0.21673708393332972,0.1052748685251689,0.021641010253197597,0.03261497633852029,0.5149217571687111,9.347549311443684,-0.3233795352629427
NKE,1258,2013-02-11,2018-02-07,0.19213382865834427,0.2193301317346046,0.909800437039137,1.4614434212238068,0.8931233246398942,0.5156440380988048,0.18792269504264902,0.07663023735848057,0.018570217153866586,0.02770010056113185,1.3921465412977303,12.949772395864116,-0.2612223628377872
BAC,1258,2013-02-11,2018-02-07,0.21625180534141264,0.2499480829067522,0.9085870445656282,1.3322845036451234,1.3432015023346626,0.680500153627809,0.18314894240290222,0.04224100975090612,0.02369020398744975,0.03549746463230333,-0.14378223670926257,2.291857829576531,-0.395121951219512
ICE,1250,2013-02-11,2018-02-07,0.18680746361824951,0.21402636820184825,0.9074265955419781,1.336846698730261,0.8260114916473519,0.4893273638925016,0.18665243509130108,0.08269497119597273,0.02054960031809751,0.030379975213275973,-0.03435220220400584,3.9302208784105592,-0.19232200552690681
PAYX,1258,2013-02-11,2018-02-07,0.14231337831365698,0.16111728735794495,0.9065851323681052,1.3160084764306994,0.8279717611647782,0.6507441197986089,0.1223358895259729,0.032116631823677376,0.01629467619758896,0.023542075991221868,-0.12317081330868399,2.887405218486151,-0.16853932584269737
HAS,1258,2013-02-11,2018-02-07,0.2077399323570932,0.24018079623725075,0.9051681211866616,1.400971245661068,0.8115597368787572,0.4278771370043005,0.2170842681478172,0.10571280523972386,0.020198998237670924,0.032820150670342385,0.9179464968899409,14.439371705829867,-0.23510133678309597
ORLY,1258,2013-02-11,2018-02-07,0.19972058753375488,0.23299487935717772,0.8999256172245855,1.2947049668044102,0.8540665438297663,0.46417548731593505,0.20637364326064705,0.09213685149135806,0.01987020168723678,0.031061179330715987,-1.2448776145711622,26.374521185868883,-0.4052575439562325
CMA,1258,2013-02-11,2018-02-07,0.21518934160958647,0.2528506050012034,0.8980729477582797,1.2699608980706376,1.324423643768327,0.663284421059454,0.18922515177853855,0.04480401738746674,0.02497765915380573,0.0383132981070502,-0.4951966952558922,3.0373444552116418,-0.41082621082621074
PCLN,1258,2013-02-11,2018-02-07,0.21890321926385736,0.2578713999430249,0.8978338885378804,1.2738688208766606,1.1418563885733994,0.5607188766076426,0.21351912950628457,0.07437729381014664,0.023029618911039842,0.03802412620223393,-0.6840793318996828,10.46598008895387,-0.33735267699175275
ACN,1258,2013-02-11,2018-02-07,0.16204042855047662,0.1879304611689797,0.8936383772070551,1.2719368620951756,0.9535281481486996,0.6425001113026862,0.1440084045039969,0.03671222487123736,0.017059204253214246,0.027757985725611684,-0.5226179499374204,8.452881337544182,-0.15417017691659662
COL,1258,2013-02-11,2018-02-07,0.175163470412381,0.20436748464374804,0.8907648111577875,1.3663556949346067,0.8712906298688456,0.5398686546959588,0.1720261812693323,0.062131683829122666,0.01723396473151469,0.027168414719328318,1.921051422148971,46.41382085753263,-0.2090909090909091
INCY,1258,2013-02-11,2018-02-07,0.3641791156178187,0.47268903279397656,0.8889152942384504,1.4090520639931703,1.5288833908592463,0.40957713657227224,0.43122261889123054,0.20976739512234233,0.04083889294874043,0.05904141870112883,1.2123890790180851,13.675687051391796,-0.5204229101696203
MO,1258,2013-02-11,2018-02-07,0.14022850014496324,0.16288900598672088,0.8877534639368599,1.2255148920919385,0.5627795748263215,0.4375054050234812,0.14647236471435646,0.06715254195558923,0.01526467195365465,0.02409652381127668,-0.9614546522936321,7.353617339762872,-0.2121992021618836
GLW,1258,2013-02-11,2018-02-07,0.19449509116173203,0.23111986339061286,0.8843596837361779,1.3077148028824173,1.1284543823485347,0.618277730512756,0.18165089818986632,0.04908915718031838,0.021237495934879957,0.03294066639983291,0.3619447456320185,10.460673091166997,-0.3612000000000002
AAL,1258,2013-02-11,2018-02-07,0.28412295998315096,0.3564839420873942,0.88035109039202,1.2805659941989986,1.385831960522624,0.4922746476751669,0.31029785749795175,0.12310541509777718,0.03558768429982733,0.0499561266301989,-0.14342315536795344,2.690648687925844,-0.5468077474892399
CFG,849,2014-09-25,2018-02-07,0.21790011622979133,0.2641602174841809,0.8790231149341565,1.252727734021035,1.1914812879287633,0.5955124476255875,0.21221207528540365,0.10595093390455286,0.02581563133677316,0.03796072689065558,-0.3977495647784127,3.047738769719452,-0.3594632768361581
EL,1258,2013-02-11,2018-02-07,0.16536700449475572,0.19630128716098466,0.8774407105852355,1.3375900703999093,0.822082508378237,0.5303091605844085,0.16642508265593464,0.05910334592332682,0.01807143369517733,0.026627967657145556,0.5906610802624455,8.08162225867035,-0.21919077524966568
EW,1258,2013-02-11,2018-02-07,0.24400259948320846,0.30204038841478903,0.8763559622270645,1.260193478992621,0.9121271753937918,0.3824082417679532,0.27908334722943584,0.139163071212941,0.02448662697121094,0.04088931178709831,-0.7964408790761481,28.171071668200263,-0.3286914963744235
STI,1258,2013-02-11,2018-02-07,0.18761524639807803,0.22679289509798148,0.8718862038139805,1.2638988139614944,1.2552790709599977,0.7008865271065648,0.16176520154206497,0.024979371774416836,0.02102055677129222,0.03291778879386691,-0.17253269209205105,2.2932894237439614,-0.3084895259095921
HCA,1258,2013-02-11,2018-02-07,0.2150048085427092,0.26410808333493313,0.8694489193187273,1.2963561966323618,0.8984150411204582,0.4307568470827395,0.2383491007260552,0.10598380094359414,0.025190193538677873,0.03571186920969061,0.12237087964098746,4.840197223910988,-0.3373061913300285
WAT,1258,2013-02-11,2018-02-07,0.16926502555968148,0.2051142698721469,0.8655825485532177,1.2400359134235879,0.9597120323915229,0.5924912392877415,0.16523531633945587,0.045462625736452315,0.017613188730283634,0.029323350528953056,-0.483165034898415,12.872171594410418,-0.17371153133110828
PKI,1258,2013-02-11,2018-02-07,0.16900438528094686,0.2058753921767055,0.8622432959225756,1.2119077686499793,1.0763296337426675,0.6620300866264089,0.1542989249871907,0.029384431485946744,0.01944688477746905,0.030354689861205937,-0.7317194467790183,7.994400089821083,-0.23749080206033857
SWK,1258,2013-02-11,2018-02-07,0.1597070536068832,0.19444091077715786,0.8602805802055152,1.2227731361388525,0.9806845865082848,0.6386730219747337,0.14961805096716477,0.03230667766250941,0.0175514393182025,0.027058712286635513,-1.0092696895332827,17.97454181065425,-0.19478129060199223
SNA,1258,2013-02-11,2018-02-07,0.1608450289161889,0.19604161823776237,0.8587699811880821,1.2815612568670707,1.0593459082017864,0.6842682409000406,0.1429595074437534,0.022561802806032,0.018453472390029264,0.026783315548531098,0.22993798680075642,4.770081350791149,-0.222183927853409
BF.B,1258,2013-02-11,2018-02-07,0.14895155206357735,0.18158248211789857,0.855552874512376,1.2550034418474132,0.7559368987501727,0.5271673021590225,0.15430180543951377,0.05131733240422254,0.016739423255368546,0.02559914329175906,0.03257622737920965,3.6665139013255894,-0.20656980416929804
AAPL,1258,2013-02-11,2018-02-07,0.18679751633150077,0.2316568877514338,0.8552371064235765,1.2585114412503415,0.8140860069220698,0.44500197782389805,0.20745559682496484,0.08608269272302664,0.022834076249180685,0.03267980041373522,0.011841079482484803,3.7846890835079465,-0.3207518796992487
BLK,1258,2013-02-11,2018-02-07,0.17479489992477948,0.21633673980833756,0.8531639281022256,1.23533055817745,1.3692336658745075,0.8014642534951893,0.12937860424849296,-0.003870563147107558,0.021127300007145883,0.03117956987173875,-0.23974021055194097,1.95187722929798,-0.2382404753766465
ADSK,1258,2013-02-11,2018-02-07,0.23276574552657592,0.29803289026164964,0.851426349214285,1.254040184207743,1.3399090364201005,0.5693089224409587,0.24501989752023057,0.06934760229104889,0.027431276868722862,0.0412026985843101,0.03657482428619267,9.398299298294118,-0.3469137693368052
VFC,1258,2013-02-11,2018-02-07,0.17200857903432443,0.21372192200237014,0.8504965698045887,1.1891532688831357,0.9500789776666372,0.5629210722489844,0.1766434462061336,0.05101480738278689,0.019885152161271562,0.031456565219857194,-0.8418421785474582,8.796388214944495,-0.3773998196108751
CMCSA,1258,2013-02-11,2018-02-07,0.15714927014091185,0.19376818194429643,0.8503446016920939,1.2331809663372966,0.8758750220947339,0.5723959414955067,0.15888552408417544,0.04422711886373436,0.019174000487692855,0.027058286121174505,-0.10372636262423066,2.0408178333221327,-0.16976744186046488
JNJ,1258,2013-02-11,2018-02-07,0.11748702592008242,0.14293204440769328,0.8488055439203711,1.2236322508566493,0.6593481827806311,0.5841469006058365,0.11601050116506237,0.03057848564386859,0.014365179819185064,0.02103501724807183,-0.17056755031671814,3.336197921734582,-0.1681488952049136
TRV,1258,2013-02-11,2018-02-07,0.12526098698485022,0.1542261893414162,0.8426587695661449,1.1909574101024032,0.7525628091133092,0.6179046917776301,0.12126080521244569,0.026388329088001913,0.01467364314580542,0.022677127189066528,-0.47317842070668176,4.208179687503695,-0.12384944864667802
LNC,1258,2013-02-11,2018-02-07,0.21720138818347934,0.2805900454754835,0.8417600731414185,1.1933035895713082,1.609342276026742,0.7262949580720264,0.1928728772724325,0.014703199224964134,0.026991742712332577,0.04157429628695042,-0.4605424891643756,5.088454385896144,-0.5007299270072989
AMP,1258,2013-02-11,2018-02-07,0.19248734839231507,0.24476931684864656,0.8416576763990283,1.2320506827019186,1.4827342157922145,0.7670844916152558,0.15703079762854805,0.0019501554102383583,0.023377540252540276,0.035003909116287125,0.09486100048519568,6.266872617045766,-0.44655685363906816
GOOG,974,2014-03-28,2018-02-07,0.17703705965302374,0.22333385558038832,0.8401593923119998,1.3068188787353332,0.9297915977821917,0.5318816933085192,0.1891232791370358,0.0837637297586042,0.02104855895314116,0.030256454838755737,1.549016974821621,19.45186197660497,-0.17368474030331493
COO,1258,2013-02-11,2018-02-07,0.17221931780594524,0.2191681546882862,0.8346547035707422,1.2224772622217932,0.770594196291494,0.4452307501662764,0.19624664376680787,0.0768764333103314,0.019144741222239952,0.03143596812353497,0.08853814791502147,6.155262937814741,-0.3600401925009259
ZTS,1258,2013-02-11,2018-02-07,0.17478559681363137,0.22450000133167888,0.8298218659364303,1.23967789995063,0.8331491310698046,0.4699409241279699,0.19816567275231345,0.07163256718724155,0.020233431614583276,0.030221990508899146,0.14752864043041206,9.85949810491243,-0.28981581798483225
MCD,1258,2013-02-11,2018-02-07,0.11820384373271664,0.14835310573355692,0.8270820946923921,1.2464979453574667,0.5780080587682271,0.4933715695448022,0.12904029904593572,0.0431516346278445,0.01363027672587378,0.02009795266423642,0.6366829128879716,8.334318553839188,-0.15980243161094243
URI,1258,2013-02-11,2018-02-07,0.26782987317113927,0.3802349525093797,0.8156431467407971,1.1573182934083686,1.8538944027812545,0.6174045501377471,0.29911023005093024,0.05499316254736165,0.036044146494971736,0.055979631034376205,-0.3227062251050653,7.044381630466759,-0.6358595194085023
ANSS,1258,2013-02-11,2018-02-07,0.15752798933072776,0.20600095255009543,0.8131192745620821,1.1686003112110814,1.0133002625478704,0.6228820208878417,0.16115779698324972,0.028047539309201522,0.018448686313111144,0.03016107452935542,0.19399409110625587,10.534176397732494,-0.19363484087102178
MCHP,1258,2013-02-11,2018-02-07,0.17933906377630704,0.24029282415249248,0.8072726305459023,1.1529852070388844,1.1661737842732738,0.6145529974965133,0.18956113075009556,0.033486742157220396,0.022009647263661378,0.03387235119271857,-0.39343883851421946,7.538403780360998,-0.2449914138523177
AJG,1258,2013-02-11,2018-02-07,0.11748547375599028,0.15214928929082963,0.8062290814916033,1.166853597342258,0.8146576632128139,0.6780193491964415,0.11183643049577617,0.010549633715441672,0.014899865074502295,0.02168014117687323,0.025499684778968395,4.5114375207940824,-0.2678787878787885
INTC,1258,2013-02-11,2018-02-07,0.16597619731052138,0.2214009067040836,0.8039893643233211,1.20706046715735,0.964458157968601,0.5516210932218789,0.1846693495262938,0.04527008031211502,0.0200428669422272,0.030445616824574993,0.4252264381497634,7.279006680359246,-0.31324661534377507
CSX,1258,2013-02-11,2018-02-07,0.19278318854785748,0.2612522104009915,0.8030368537456386,1.247756723198599,1.1715330387504883,0.56784713107627,0.21504558548955363,0.048562505690456226,0.0244237105641164,0.03489401661010016,2.051673070411999,32.625578337672025,-0.420469533104722
DIS,1258,2013-02-11,2018-02-07,0.13918696200785785,0.18418761428535727,0.800005334566549,1.137781833841813,0.9077666359944182,0.6240949419181616,0.14391471908942022,0.02241937075341632,0.017025456291048603,0.026761142273519237,-0.4059949353413639,6.387105150317331,-0.2698660530857099
SEE,1258,2013-02-11,2018-02-07,0.18202712388397568,0.24762584398140958,0.799044434363796,1.178824329760011,1.1448183567376584,0.5854333845340214,0.20075535158141558,0.04030802258197638,0.023165829411531672,0.03479818262318864,0.19997202355738025,5.811174078963722,-0.30758122743682326
RF,1258,2013-02-11,2018-02-07,0.19078512145091286,0.26165062143487056,0.7985982031916219,1.1472049636403099,1.3653075886440151,0.6607628266519787,0.19639358421026543,0.02105277802969747,0.02566766776464511,0.03752649198307886,-0.21743209834441438,2.584982107239351,-0.37345132743362885
INFO,916,2014-06-20,2018-02-07,0.15562813283262256,0.21000274420662401,0.792584457949775,1.2664397316078448,0.6771395527666277,0.41611985467421675,0.1909575480418013,0.09783694225329487,0.017447983690021207,0.026342145858620082,1.503750991089444,18.94128325537903,-0.22016308376575255
CB,1258,2013-02-11,2018-02-07,0.11363513062111386,0.15038025215905249,0.7909693459334324,1.1599030382958961,0.8121935166723634,0.6839204321342218,0.10971090649321807,0.007167750688604394,0.014821031735180346,0.020807031059006803,0.019138015588484217,1.8589037036798652,-0.15189658105119874
AMD,1258,2013-02-11,2018-02-07,0.35032618860766185,0.5998064275278058,0.7905533147549169,1.2614788569828084,1.5596102038083561,0.32926215883537074,0.5663603486948801,0.2595370554841179,0.05078639657443996,0.07951013732457773,2.0212241969849725,31.94614458418594,-0.6523605150214593
ALK,1258,2013-02-11,2018-02-07,0.21460576642327078,0.3058633871133928,0.789471472969168,1.1289073017788496,1.2271499364906384,0.5080506419490587,0.263448454761449,0.0725834762131243,0.028696958059803858,0.04416275141226241,-0.38132462876147066,3.437253802066622,-0.3846767757382278
SYY,1258,2013-02-11,2018-02-07,0.13095966092598843,0.1759351444440024,0.7868003833447835,1.2270964702059122,0.6317899349618762,0.45473352106543924,0.15669268586493737,0.051475526608519014,0.014759609147848168,0.02352134041242202,1.2576671172617637,16.079281108324743,-0.13516514016097703
MS,1258,2013-02-11,2018-02-07,0.1855792560895333,0.25986077766248794,0.7854509431127966,1.1324427010611338,1.5098796939515082,0.7357639066197179,0.17598762501214446,-0.0036898321688864596,0.025725970677195717,0.03742553855639851,-0.23147720417063802,2.7865540107505598,-0.464972866304883
IFF,1258,2013-02-11,2018-02-07,0.14182792840929692,0.19279407007309937,0.7852417753043798,1.0950623449709467,0.9675399081273087,0.635494921643124,0.14885727465533286,0.018231936971044006,0.018129954109303376,0.027746871654873127,-0.9555462692133168,12.878307807360214,-0.19381688466111735
MAS,1258,2013-02-11,2018-02-07,0.19165603239072926,0.26967860755308093,0.7851653091505514,1.1442522062749294,1.290833424245899,0.6061227346602569,0.21449457816354195,0.03409088228347371,0.024215482303478926,0.03812604142633444,0.03338236944852996,6.622985849312895,-0.23081967213114718
UNM,1258,2013-02-11,2018-02-07,0.16048422795823303,0.22248154448399754,0.7808083557574225,1.0983013676150635,1.236831693831026,0.7039689166411672,0.1580132414295033,0.003496051129832359,0.022542993187658667,0.03313849722677603,-0.4582515001355235,4.049510386923682,-0.3600106354692899
CRM,1258,2013-02-11,2018-02-07,0.21003295384244725,0.3036397138981072,0.7791811397536393,1.1655180793796214,1.2625114676442806,0.5265184896589772,0.25814345607176165,0.06283675262220031,0.028995995981275675,0.042988084086614406,0.3905232583359773,7.290304308779074,-0.3419771122473829
ADP,1258,2013-02-11,2018-02-07,0.13284881949949812,0.18201638305412904,0.7775708250371506,1.0546637036410018,0.9270281681554124,0.6449400090158288,0.13910296296777158,0.01394805075302235,0.016183153174527398,0.027537509631851583,-1.5179725423830892,23.19362603668276,-0.18474162785540116
EXR,1258,2013-02-11,2018-02-07,0.14855130129290228,0.20563064710022047,0.7767945203798744,1.0950628543078231,0.6420808758652602,0.3954019086709148,0.18887343745282484,0.07136615303673796,0.020852863103501935,0.029880275688968876,-0.4064579041651242,1.6898980207258203,-0.2712439076075438
RHT,1258,2013-02-11,2018-02-07,0.18603686283349274,0.2654311115903586,0.7757258590925538,1.1281222058332188,1.136621057539866,0.5422514732893801,0.22301953210043313,0.04947390340368424,0.02308467148006495,0.038703886092434234,0.06147374264100807,13.932901283806942,-0.27160789001793206
ROK,1258,2013-02-11,2018-02-07,0.15745151564773807,0.21980311425741986,0.7751441273261643,1.1500767478053682,1.1991729552628783,0.6908517352690552,0.1589168733079661,0.005342492548432147,0.020266589687927987,0.030579440188073043,0.08355874918218113,3.3447652347336647,-0.29820855824141523
HBAN,1258,2013-02-11,2018-02-07,0.16812138370559992,0.2369165928616755,0.7747643447161359,1.1138735448447736,1.2181864515665712,0.6511111844381765,0.17981551519601907,0.01590118905423302,0.022562977426830378,0.033683751057954195,-0.2505312025372796,3.2044683198326465,-0.32390202702702686
SBUX,1258,2013-02-11,2018-02-07,0.14104527392110056,0.19622374443375964,0.7708484619097683,1.1084353316047053,0.8843534029371317,0.5707043216027496,0.1611302335117707,0.02954932280287017,0.018899165897082088,0.02775870681424278,-0.26807841958241513,5.593158903424742,-0.18485277908990694
KEY,1258,2013-02-11,2018-02-07,0.1719440754324446,0.24487455076730497,0.7707635740751256,1.107192439261404,1.3060659568748985,0.6753957540352127,0.1805840777901958,0.008992596290195757,0.023713916769384235,0.03530395896111719,-0.2348236280358747,2.7348090244086145,-0.36102236421725253
GT,1258,2013-02-11,2018-02-07,0.19787558751829115,0.28907897359268814,0.7694960528325524,1.1070612302906568,1.3119098889368699,0.5746777337631013,0.2365763935235588,0.04189306826738774,0.026799122353611454,0.042638799224951805,-0.14581811623389535,3.862681122716104,-0.30953218431234597
BK,1258,2013-02-11,2018-02-07,0.14704792660437804,0.20648349778855193,0.7681364227415605,1.0855342515137092,1.1906383220772567,0.7301824274820079,0.1410803122558245,-0.0052545233894031205,0.020563890591208604,0.030609578768998166,-0.4392250385401948,3.0588899056161747,-0.2766239505081749
COST,1258,2013-02-11,2018-02-07,0.12271615779438916,0.17059879798163352,0.7641068720845395,1.0974478230373035,0.6355341510489271,0.4717368412518367,0.15042368013750163,0.04289010236459561,0.015358457802227998,0.024284175922247693,-0.3728227007292225,5.253746412031408,-0.17544532748698272
ECL,1258,2013-02-11,2018-02-07,0.12360694529764071,0.1731396528260621,0.7600011222647277,1.0773559931735517,0.9495046060560403,0.694444275550011,0.12458202909598068,0.0009104243794149525,0.017181816912581357,0.025901256313726907,-0.3762832590354874,3.6668333243658777,-0.17985257985257974
MGM,1258,2013-02-11,2018-02-07,0.20785535862834537,0.315797243675589,0.7560638003360821,1.0955959142492206,1.4741692352954627,0.5911203045053723,0.25471681538482777,0.0358798035863877,0.030564370338503764,0.04491316046857228,-0.026768213898110127,2.7159489125851417,-0.41669601972525505
LH,1258,2013-02-11,2018-02-07,0.13481026341792246,0.193178025071938,0.7522859432111314,1.034067032512673,0.7603138525629082,0.4983931333656609,0.16747590966811823,0.040686650854861936,0.016736285871162566,0.029056363760269977,-1.1634017544408661,10.63961805481998,-0.2125136526759247
ZION,1258,2013-02-11,2018-02-07,0.17509963802544792,0.25967434833269243,0.7517013029243632,1.0711610886736633,1.3217529636861365,0.6445522239861691,0.19853669396460832,0.013290828476927863,0.025925427688807616,0.037484607011228716,-0.29348020826552706,2.4934907989790607,-0.39678690512276393
PFG,1258,2013-02-11,2018-02-07,0.15674074128043336,0.23097024706824834,0.7468792501172734,1.0195904373983191,1.4381450254690737,0.7884669853094982,0.14206450489622133,-0.025418331098223394,0.02300519081141482,0.03597258290608218,-0.7935497099830654,4.228396758315641,-0.4077268023456364
ABC,1258,2013-02-11,2018-02-07,0.1500293835289903,0.22121164739623933,0.7431879217285622,1.0482150595375899,0.7292236868062484,0.41743575546706113,0.2010164481002524,0.06404215756701677,0.017992357350286453,0.03346066851258716,-0.43575029505620444,16.008714409774882,-0.4022341531001037
DRI,1258,2013-02-11,2018-02-07,0.14982497269368622,0.22280699377025728,0.7382595001824143,1.0652606397506617,0.7578376861136082,0.4307092988533983,0.2010812442528376,0.060191701194282195,0.020487444994024752,0.03126978922880393,-0.13694158162031592,7.096465468083355,-0.280069416633293
VMC,1258,2013-02-11,2018-02-07,0.18020464298779526,0.2759429304896493,0.7375055902071355,1.1387885041015797,1.3022277179739725,0.5975916653554716,0.22125120711832608,0.024289905136592453,0.025749313552175076,0.035630881740341416,0.6408262882663127,4.332656166414172,-0.22800378429517487
EFX,1258,2013-02-11,2018-02-07,0.162070725393481,0.24573749315808122,0.7373530517479078,0.9949466844395446,0.9458270358234213,0.4873906225588698,0.2145740589310906,0.05102551133155837,0.01717875039661911,0.03372006759203195,-1.776851081562278,61.476074043802946,-0.36406538540455535
AZO,1258,2013-02-11,2018-02-07,0.13569221883998894,0.2000267179055576,0.73691802078314,1.0532730933876955,0.7182485362326626,0.4546985919982536,0.1781528719006007,0.04855408510522648,0.017336203730360676,0.027367704986031895,-0.7737101161648047,10.265902041825052,-0.39563469692884656
PEP,1258,2013-02-11,2018-02-07,0.09363789982278492,0.1336334319836738,0.7367378957270164,1.0686685320385683,0.5565558025162022,0.5273882645158816,0.11353822426267726,0.021856624989927766,0.01333861563896443,0.018861818917906458,-0.14996653391543632,1.9046666050615044,-0.1117511520737342
AFL,1258,2013-02-11,2018-02-07,0.11216222679606846,0.1632561803835545,0.7332121287929196,1.0153838353521965,0.8679656573125737,0.6732397953405129,0.12071557393382114,0.0002473320412673657,0.015730753557823555,0.02526272859894162,-0.6479653991014649,3.788432631919508,-0.18153526970954315
WYN,1258,2013-02-11,2018-02-07,0.14690753105826815,0.22094713047699172,0.731165015840496,1.0360491192434205,1.131583797393593,0.6485376948338696,0.16818109786299207,0.005814193193579458,0.021533487797721296,0.03306668864819417,-0.22196576890376743,5.331769367081629,-0.34512804165338495
UNP,1258,2013-02-11,2018-02-07,0.14161606489847745,0.21224595251035006,0.7303088230881671,1.0614985139490791,1.0852910167974184,0.6475057955739643,0.161744262129348,0.005641533067715852,0.019342629427860886,0.030828189914568867,-0.11447274800061077,2.5026755898478,-0.44448033594444003
AMT,1258,2013-02-11,2018-02-07,0.12704758881903477,0.188208290376885,0.7297275011695129,1.0560295620461138,0.7862930583763715,0.5290327531785342,0.15971381981240945,0.029126906135191182,0.017338599662363823,0.026848826128911256,-0.12309107638785391,2.546252804558843,-0.2033139700980865
DG,1258,2013-02-11,2018-02-07,0.1632993837230874,0.2511920954864392,0.7289556859468963,1.0498416843955554,0.7129396611944693,0.359404636389336,0.2344078965884544,0.08498933411060242,0.020881613832767758,0.03466986100195629,-0.6460985187235531,17.94062481907069,-0.30751731982214825
DFS,1258,2013-02-11,2018-02-07,0.13977446748043687,0.21140545962901441,0.7247421705259312,1.0477657746950484,1.1304136044052475,0.6771081565415831,0.15556979224741618,-0.0023591190665035794,0.020369763268460125,0.029718621067724254,-0.1187540125155305,3.460273566723498,-0.3484483278095799
PH,1258,2013-02-11,2018-02-07,0.14237379482123247,0.2160160852945671,0.7242904690341636,1.0604537802652614,1.2249382395894988,0.7180670023376345,0.15034157452045416,-0.012124165236130649,0.02074376901137455,0.030333551580872427,-0.02979865874510179,2.184625614682079,-0.34847115529447203
AME,1258,2013-02-11,2018-02-07,0.12353959905887613,0.1846668937136759,0.723482588565808,1.0197739613650714,1.0835638773063636,0.7430231470978474,0.12359122143102538,-0.01552257824775279,0.01921733436376121,0.026964392451103363,-0.4336092507583533,3.2745746506134688,-0.23686956521739078
RMD,1258,2013-02-11,2018-02-07,0.1602384479570529,0.24867865853379895,0.723084145448163,1.0097480595297172,0.7932193310511076,0.4039165445843744,0.22749020179744925,0.07064850527804965,0.020299343104647167,0.03624656763410279,-0.5719888817293448,20.230131290195608,-0.3393477679764767
NTRS,1258,2013-02-11,2018-02-07,0.13856833832002957,0.21112841268797608,0.7208199152475362,1.010343560315932,1.1833323167094116,0.7097361256346237,0.14873313105112695,-0.010670962631901587,0.019382680209509753,0.031744924525673034,-0.5528189576233719,5.025405070097458,-0.30714467327739603
CSCO,1258,2013-02-11,2018-02-07,0.13797611393757703,0.2104634576846018,0.7191973406041373,1.054795376033909,0.9323642494584307,0.560977936073787,0.1742281226064662,0.02304780060234502,0.01852914969283803,0.02957586648393348,0.366557090672946,16.10771939923821,-0.25438887048691683
TDG,1258,2013-02-11,2018-02-07,0.15373833219428557,0.2415631940300682,0.7151375436745829,0.9490600529152804,0.8014977809905505,0.42015392958518794,0.2192072089417096,0.06244449461100059,0.02160593677500835,0.0372930932708947,-1.6907830291856956,17.108155065342302,-0.28021657928103927
NSC,1258,2013-02-11,2018-02-07,0.1566530953404437,0.24574445498730108,0.7144768288230474,1.0657371797888595,1.1394975416804762,0.5871736179380341,0.19892055711718176,0.01875496809182144,0.02342337860351354,0.034519481029847775,0.6091466099644072,10.539113042320732,-0.43174061433447
HRL,1258,2013-02-11,2018-02-07,0.1283806639423748,0.1964853048323619,0.713368770893556,1.0065140373651442,0.6754942264341721,0.4353398619396172,0.17688907587204897,0.047201349404897314,0.017867603664872084,0.02851803999971974,-0.41400729743647463,4.8803222072363965,-0.3220148414661569
KR,1258,2013-02-11,2018-02-07,0.15460876211092844,0.24627981288688397,0.7093366547435466,0.9708904786039549,0.7182185978793312,0.36928757916302535,0.2288715660061361,0.07585021092299392,0.02068197919022513,0.03550738336876295,-1.6460835786352843,20.83306990371635,-0.5323639774859281
RJF,1258,2013-02-11,2018-02-07,0.1500415949730316,0.23890989501599194,0.705156152308071,0.9973284464807097,1.3282494418159647,0.7040157471938724,0.16967007131253575,-0.014332015275397906,0.022447051388971555,0.03527201505270499,-0.3960693429391207,4.093722153570109,-0.3403491597324202
VRTX,1258,2013-02-11,2018-02-07,0.27660859598184606,0.5096197065569852,0.7042299779873284,1.4076266710990564,1.5338417496186398,0.38112831075835274,0.47115470813834504,0.1477939633116142,0.03784669308673217,0.051263764345766176,7.62659035917345,130.13062453215076,-0.490952784845915
AMGN,1258,2013-02-11,2018-02-07,0.15411711035282183,0.24914422050864204,0.6999439769021822,1.0310829027220403,1.15334238708546,0.5861979629945365,0.201848637931838,0.015657843987956,0.023297749594652792,0.034766167112914664,0.0059429529493591465,3.278943526597295,-0.25114672405005967
BAX,1257,2013-02-11,2018-02-07,0.11349438003119583,0.17616348809160942,0.6985470954604591,0.9988843522618167,0.744461745246761,0.5352251173617273,0.14880696509900015,0.02150560627319579,0.017021352316892193,0.02603627710605849,-0.26307616210574786,3.1370163128735817,-0.24583048706311694
EQIX,1258,2013-02-11,2018-02-07,0.14187805044022972,0.2271323299952853,0.697847160441628,1.0034760326190864,0.8797985550922444,0.490502423064538,0.19793215847266551,0.037421065287715126,0.021858351425982813,0.032643798537457816,-0.0911433098275047,2.9149097806407376,-0.32433491531327596
MLM,1258,2013-02-11,2018-02-07,0.17396644426483832,0.28986117923486443,0.6970276467000561,1.0740034361251027,1.287223154785138,0.5623421764245551,0.23968755283138765,0.024886715251585347,0.027607819656771622,0.038416968768284696,0.7879819584365454,6.784721451680145,-0.33714803693841666
APD,1258,2013-02-11,2018-02-07,0.12379198204406738,0.1949866323915711,0.6958429390969703,1.0373519771016901,0.9981919789515243,0.6482553443448618,0.14846730961716692,-0.0016964515643495739,0.019288130988551082,0.027581040858630525,0.32458919804586944,4.737843952987688,-0.2644659457408456
MDT,1258,2013-02-11,2018-02-07,0.11568808430760802,0.18119681289924341,0.6949644961923821,1.0052613412571372,0.8210040913539691,0.5737618069676116,0.1484042150739966,0.012934374339254805,0.017499713756735324,0.025536164375645806,-0.22462821838639332,4.257290027943574,-0.20591542959964182
CMS,1258,2013-02-11,2018-02-07,0.10458046246583175,0.16269720101058943,0.6930044301619314,0.9587400216956128,0.4796969964899288,0.3733565600469503,0.1509322281843928,0.04673141285629257,0.0164720518966035,0.023830847820627714,-0.47773092177672544,1.5520272777476678,-0.17827225130890034
FITB,1258,2013-02-11,2018-02-07,0.1427890918015795,0.23146186831874177,0.6928081287104603,0.9789211113671366,1.2226843545242354,0.6689162854809069,0.17205434323035013,-0.007913701388796567,0.02318969207605111,0.03484179491095648,-0.3323156048009389,3.1483425550988153,-0.40401881145788765
CINF,1258,2013-02-11,2018-02-07,0.10256467043649375,0.1605139028636943,0.6888860928902157,0.9613947607186306,0.8650717065359201,0.6824586176480356,0.11732350142556398,-0.00848000312237222,0.01627512594144353,0.023251835117192036,-0.5414603453010782,4.28417439457933,-0.14617563739376782
VRSK,1258,2013-02-11,2018-02-07,0.1153768513212754,0.18292061405561047,0.688615522478617,0.996678599410498,0.7632381118497301,0.5283652741315327,0.1553027401558773,0.020921060060917193,0.016029621923787502,0.02635042258940286,-0.16180447729885733,12.555858684666074,-0.19079754601227084
MTB,1258,2013-02-11,2018-02-07,0.12141787880038257,0.1967281713713255,0.6811505545912029,0.9617303738564881,1.0189627321977088,0.6558863821788984,0.14850215369658895,-0.006233602135527692,0.020133919424275604,0.030158503085722835,-0.30671475602821185,2.453852306325524,-0.24339339339339372
BBT,1258,2013-02-11,2018-02-07,0.11938733673122814,0.19312437609449973,0.6808226218415434,0.9611866908358075,1.0514402548198076,0.689420789109031,0.139891781818838,-0.013221391592750893,0.020054412708856294,0.028423551312063134,-0.3066465444160503,2.1725694493866334,-0.27211538461538476
HBI,1258,2013-02-11,2018-02-07,0.16770434011740964,0.2935857975739579,0.6759753690680093,0.9637297664064184,1.003288113667117,0.43274045100853636,0.26467304351732013,0.06037888759941171,0.02680779863232936,0.041321727702558826,-0.3985899822707383,14.453730155824138,-0.45112781954887193
ALLE,1062,2013-11-19,2018-02-07,0.1260968795911297,0.20821154839025674,0.6747081896576521,0.9660275688394809,1.047770056643499,0.6377953220910144,0.16036576284584048,0.02015675403545471,0.020691470674049226,0.03061073129575506,-0.22783261897140555,2.7965676054245767,-0.21797986810135428
UAL,1258,2013-02-11,2018-02-07,0.1999520611856458,0.37870575127663164,0.6711451491286138,0.9787585353633927,1.3521106065833077,0.45211320079298334,0.3377905967592158,0.06808182911185472,0.03357552209832509,0.052229769480584325,-0.11296847418483044,2.8660685968473416,-0.4872317305080154
CLX,1258,2013-02-11,2018-02-07,0.09641817594716273,0.1551190422325884,0.6710944882346416,0.9530398127861542,0.49686114727891784,0.40560826135985883,0.14178609690176125,0.03571884374141372,0.015391635585780371,0.02259906584453449,-0.16770684962076093,5.429774701382011,-0.1938379775926462
UHS,1258,2013-02-11,2018-02-07,0.15072836896280917,0.262183449862051,0.6676808566559074,0.9284503472008555,0.9460288407761213,0.45691558493099355,0.23321481642500427,0.04485731774971711,0.024266609805000647,0.03933961795302938,-0.6928871520217972,5.769867060486849,-0.34511761487965154
PRU,1258,2013-02-11,2018-02-07,0.14078505803023478,0.24177827361372886,0.666039979136492,0.9551593844990264,1.4127178630240014,0.7399034173172953,0.1626474152134745,-0.033391797520889756,0.023771935080364744,0.035180141645972746,-0.2592678309913283,3.234518370958977,-0.37741519965650483
USB,1258,2013-02-11,2018-02-07,0.10262146195618893,0.16877530132690122,0.6633857641530022,0.9431413498934778,0.9625405241782199,0.7221825653684915,0.1167422971061986,-0.020506846662305952,0.0164499448794663,0.02495826131801676,-0.24472085187922055,2.659993511867494,-0.18622338113863568
DGX,1258,2013-02-11,2018-02-07,0.11466916628213175,0.19129376947132842,0.6632497618480745,0.9574416887602576,0.7905984568757503,0.5233497319152404,0.16300486113171175,0.01806915575797459,0.017451815432910918,0.027670811438917784,-0.0788125361462444,5.0941840721799565,-0.2398241206030155
ISRG,1258,2013-02-11,2018-02-07,0.1570084704299255,0.2796271664920322,0.6615525203168549,0.9616838127110721,0.7382930321089659,0.3343384128591411,0.2635354869357218,0.08338021797439281,0.021558793624901172,0.03910318814108671,0.1408287921055961,20.265675966976108,-0.39486825170616857
AEE,1258,2013-02-11,2018-02-07,0.10296923594826857,0.17049897475633632,0.6602665534344374,0.9277528761214525,0.520288513545019,0.38641976761021135,0.1572551302264393,0.04096988036562715,0.017619308870352124,0.024579923010749804,-0.2860984074708478,1.3991750078996832,-0.2172370617696161
WLTW,527,2016-01-06,2018-02-07,0.11287365738248578,0.18961406014447,0.6594243763706366,0.9006319118382429,0.9548453719693627,0.5978446568285503,0.15199690216719938,-0.015783763512612646,0.017408426011661735,0.029896041433631292,-0.8496979653623703,7.679610871340249,-0.14868086458995555
MKC,1258,2013-02-11,2018-02-07,0.10056049899560904,0.16637270537031962,0.6592405902927779,0.9452777740839741,0.6465409192607616,0.49209710089285463,0.1448341476512845,0.020699218599733712,0.016708193445956726,0.024237118338178366,-0.1476466954886507,3.653293210012828,-0.17082282618847533
CHD,1258,2013-02-11,2018-02-07,0.09534571851030549,0.15710469952557338,0.6585528656120366,0.919501309945662,0.593449955728557,0.47833459750653484,0.13796583832616247,0.021787990745381767,0.015325345105458642,0.023057127130723366,-0.5556393203786114,4.127309134514872,-0.19479553903345725
CTSH,1258,2013-02-11,2018-02-07,0.14241718228378342,0.25143431500057833,0.6563243039458607,0.9258166783770462,1.1159538202478787,0.5620287647682608,0.20796576896828567,0.011438913933036978,0.02285063096927612,0.03614997312695977,-0.6820043018509632,9.465355106017059,-0.31603469285355834
TXT,1258,2013-02-11,2018-02-07,0.14615032941256123,0.26069468113927086,0.6540223653489088,0.9529832270113582,1.3534364092025721,0.6574194575291517,0.19643991311393058,-0.01576701086475558,0.0239425467377452,0.03571913032834113,-0.1449876990942758,12.508709986521671,-0.3361075544174136
SYF,887,2014-08-01,2018-02-07,0.1489898568505077,0.269478719688455,0.6523025976869996,0.9015846771205148,1.0434642794394333,0.5041410964761054,0.2327275630044713,0.06111843584060495,0.023719327785020006,0.038185722304776355,-1.2833530922858938,13.53954452080556,-0.3509308141150319
MSI,1258,2013-02-11,2018-02-07,0.11240988553053244,0.1921788725329804,0.6508717979337264,0.9226481268016437,0.7746290986731341,0.5104168872897891,0.1652598187344902,0.018475205554810057,0.016517954200498647,0.02779969895486616,-0.49941591150023096,8.928657222963297,-0.18871428571428595
TWX,1258,2013-02-11,2018-02-07,0.1261066242107476,0.21978033058247068,0.6500449470692765,0.9465992791481439,0.8522626661571956,0.4910452460157898,0.19145813369079326,0.02557414353652615,0.018273939860351845,0.031207156373127543,0.4992371593032111,27.095294361302038,-0.33996264146797095
JBHT,1258,2013-02-11,2018-02-07,0.11315488268058704,0.19458882312261983,0.6480890287033938,0.9615370395483441,0.8930246975191962,0.5811422456329305,0.1583567728534023,0.003208042616809888,0.019211758738173473,0.025980859063640255,0.15142400427143968,1.2852547397894043,-0.29141304347826114
BLL,1258,2013-02-11,2018-02-07,0.11658605227295626,0.20187847473134554,0.6465243602464755,0.9790188220094961,0.8889981976046277,0.5576320595976615,0.16757694777421187,0.008170661435900598,0.019716408402002797,0.02769733766964164,0.8712541857160707,9.55405682202697,-0.21591498185588354
ARE,1258,2013-02-11,2018-02-07,0.10391871551841292,0.17748409892262823,0.6461585810120439,0.8932039661695339,0.6979063541375257,0.49793719808124803,0.1539165341902116,0.01863326553534081,0.018947094533927476,0.027301924737104074,-0.5283899159698767,2.216578642722212,-0.3004296035930474
ADI,1258,2013-02-11,2018-02-07,0.13329696301748717,0.23706863262833633,0.646122041954925,0.9470971779657585,1.1587125385773265,0.6189256487490593,0.18620545771757874,-0.006292952531640483,0.02347721373071803,0.03381856292949708,0.258658390112701,5.319916268725575,-0.28959999999999997
LNT,1256,2013-02-11,2018-02-07,0.09776532344505529,0.1658692350524701,0.6455702257545199,0.8927867753684461,0.5490704272426415,0.4193120683930327,0.15058308479443863,0.03188452966695953,0.017633014306184247,0.024155476223585347,-0.4573877385924653,1.709222089414455,-0.22426052332195623
ABT,1258,2013-02-11,2018-02-07,0.11280729909096365,0.19560592934653515,0.6448557695861847,0.8985731293983474,0.976843643214027,0.6323825947001365,0.15152734917253005,-0.00830083859749627,0.018837616353355444,0.02871882479287684,-0.7017930873648294,6.178138934201505,-0.2902343749999995
GILD,1258,2013-02-11,2018-02-07,0.15164005871265096,0.2804564969450054,0.6448468274009315,0.9058146164176633,1.0884848306322963,0.4914663012938116,0.24424860751206925,0.03104837380888384,0.025241520616352976,0.040294133698891295,-0.6551078693655572,5.791843456627796,-0.47532935111692964
FBHS,1258,2013-02-11,2018-02-07,0.13556444687055014,0.24409051260210995,0.6432496639713422,0.9091013904590816,1.2162970476301334,0.6309945699427078,0.1893623068053515,-0.010382169674019493,0.02439305280017472,0.036110745039777306,-0.2754322386979579,2.4525154414108794,-0.2312356261760392
AYI,1258,2013-02-11,2018-02-07,0.16162374732620077,0.31080063440256983,0.6392275909915475,0.8998429079715048,1.2105020674670894,0.4931970925365785,0.2703709414441456,0.03207656711135472,0.025798924153872818,0.04500398648646542,-0.6665464395212989,14.753614382818336,-0.47977789718789177
STT,1258,2013-02-11,2018-02-07,0.1287605585381031,0.232331732061104,0.6378721969009571,0.8971522933672492,1.316253764765608,0.7174108903337191,0.16185396649448583,-0.0329519359714508,0.024700571087488486,0.034886207453574854,-0.2923331199046706,4.480180493861444,-0.37172191984166225
ULTA,1258,2013-02-11,2018-02-07,0.1706213940272343,0.33506514635189155,0.6367862897123752,0.9789740671756522,0.8585039205705126,0.32445158264570395,0.3169388942442529,0.09521298669506564,0.025657183923905282,0.04227164575540009,0.7858139572537778,26.123791776386383,-0.3938737130653749
DE,1258,2013-02-11,2018-02-07,0.11727406893049719,0.20869552940280042,0.6346877808969584,0.9866528585024428,0.813735920826147,0.49375011573905,0.18148243191938246,0.020465809521523437,0.017570299597202386,0.027792568764576184,1.257867462739045,15.3706366305936,-0.2625089900339056
NCLH,1258,2013-02-11,2018-02-07,0.1567613663000622,0.3035262247218017,0.6319272127377871,0.9128328683423849,1.0948860687272008,0.4567826276733048,0.2700103565093136,0.04112240006215684,0.027003462051791955,0.04347132628148648,-0.15542174038201298,4.18114027291753,-0.46047678795483016
DTE,1258,2013-02-11,2018-02-07,0.09095903706146102,0.15849723103411978,0.6287861989698789,0.8682361834887101,0.4909016925730942,0.3922019231104435,0.14579829823887858,0.03210035298247832,0.017019812440994674,0.023251532775034917,-0.48432499090299846,1.558910198851899,-0.19401354599082354
FLIR,1258,2013-02-11,2018-02-07,0.1282441153665268,0.23697109201695715,0.6273750574478626,0.952476096197053,0.969700901742987,0.518178391278876,0.20267487292023356,0.01521432407827241,0.01943904702970298,0.031076241110925572,0.40225875535419514,13.819357798216192,-0.3013698630136984
HSIC,1258,2013-02-11,2018-02-07,0.10386942138140642,0.18607358739165206,0.6248822755941981,0.8534186571311385,0.8514105119106175,0.5794168836872606,0.15165580409648854,-0.0009015850780116181,0.01652916766155576,0.027961032215501273,-0.9485078307235383,9.816264486690429,-0.2871308356112984
TJX,1258,2013-02-11,2018-02-07,0.10794049549603413,0.19492461709329115,0.6231993990531165,0.9217988828754391,0.8362593568997557,0.5432643029188222,0.16365124859476712,0.0063864154865573815,0.018001879242241614,0.02624434110149711,0.20483251741743125,5.57266881387284,-0.19271147580547776
WFC,1258,2013-02-11,2018-02-07,0.10547213425884294,0.19144954510541753,0.6196112610545903,0.8997191986762257,1.0667341943347373,0.7055677902896513,0.13566927082665284,-0.02818537541216679,0.01845970575972365,0.02652164956149043,-0.1261863877408443,4.910903385950438,-0.2523923444976074
XEL,1258,2013-02-11,2018-02-07,0.08822935841111623,0.15703379375370724,0.6172142791586007,0.8524356251370303,0.4434657178733928,0.3576051777018603,0.1466495996226667,0.0358913740861511,0.01662036373675906,0.023188839340283852,-0.4885484654466187,1.6194959025978135,-0.18030888030888026
HOLX,1258,2013-02-11,2018-02-07,0.12648904716897258,0.241727358108388,0.6142171695769028,0.8645313144813813,0.9049163624454478,0.4740449280503482,0.21284109752118585,0.023933660372483557,0.02219574818678836,0.035599691623511856,-0.4424281346938207,6.939890059952313,-0.24464119291705555
AGN,1258,2013-02-11,2018-02-07,0.14295456692357322,0.2832560383280679,0.6133638571066686,0.9128614716544773,1.017096537375817,0.45469467468660435,0.2522812479784415,0.03376074676897271,0.026746822946112574,0.03772527724604262,0.0707589579860342,7.143015939690761,-0.5181737849779091
IPG,1258,2013-02-11,2018-02-07,0.11883646657814628,0.2250064760448087,0.6125114385070142,0.8499107964441412,1.070466319456004,0.602441468191837,0.1795918584340639,-0.00950426420292542,0.020880988966598877,0.03278726324582339,-0.8290485350997912,7.434405763845626,-0.2784513101290572
CCL,1258,2013-02-11,2018-02-07,0.12141031668170177,0.2309819903114241,0.6121579539386511,0.8523218143620541,1.0304076747111117,0.5648951347331294,0.190597723516242,-0.00041275683046503665,0.022491206928064087,0.03571305182454915,-0.4935159440167405,3.358138132961393,-0.2397533550961194
DHI,1258,2013-02-11,2018-02-07,0.14959900867879639,0.3033052649815116,0.6111768413490813,0.9008939490404624,1.3702376286130276,0.5720747892816744,0.24877142125267923,-0.0032062827846236737,0.02779554931752094,0.041831416752225965,0.10248617388301366,3.9974205699048047,-0.3590579710144932
VLO,1258,2013-02-11,2018-02-07,0.14285018845557773,0.2922225958109743,0.6038110754273943,0.839764431881162,1.1687063910370832,0.5064405753327034,0.2519761994961961,0.01560361084461506,0.030464737160522396,0.044076873702760866,-0.42206523846874844,1.9699776471022536,-0.35314254415993407
XLNX,1258,2013-02-11,2018-02-07,0.12312136620693881,0.24215009527423137,0.6016120480151625,0.8420968364135283,1.0477951151767158,0.5479344342261149,0.20256370821488273,0.001477242706246103,0.022429286170806344,0.03537543293090835,-0.7237897866953312,11.000711810970545,-0.3413238899482429
PPG,1258,2013-02-11,2018-02-07,0.10465492898602169,0.20089806748560732,0.596230887916673,0.8430878839814316,1.1306792070905027,0.712689754224752,0.14092585091483556,-0.03582849124455469,0.019148104873123444,0.029349658426653588,-0.36949895158808105,4.73113999262519,-0.2889356331510313
GS,1258,2013-02-11,2018-02-07,0.1116127442305399,0.21909959712453952,0.5927891664581588,0.8350103576105876,1.2505495570306961,0.7227634737165142,0.15141874101825936,-0.042227456012255755,0.02269388659853795,0.032069003481979164,-0.2974222839968161,1.5861871347977086,-0.36121794871794843
C,1258,2013-02-11,2018-02-07,0.11952454502393839,0.2386226486396535,0.592771935154055,0.8455641375288812,1.4017458206920057,0.7438656025879586,0.1594784920281322,-0.05146695343530434,0.023303792180321775,0.035301873671044946,-0.2420247065805588,3.2797455681127206,-0.4202850513755386
COF,1258,2013-02-11,2018-02-07,0.11388516812080796,0.2268318609253652,0.5894422711006416,0.8404383667760875,1.18291793116527,0.6603701408980577,0.17033717706080395,-0.029095209953593833,0.020955143991621458,0.03155662784156173,-0.42784949067945643,8.552341437985286,-0.36593610293315915
TAP,1258,2013-02-11,2018-02-07,0.11409882072006239,0.22694820262518764,0.5881972745742172,0.9487995000777921,0.8294648519660174,0.4628157277003796,0.2011792582519362,0.01933492164335251,0.019744101347462666,0.028361073216723483,1.351900510921112,11.204500107511052,-0.3154157303370788
VAR,1258,2013-02-11,2018-02-07,0.10477166688843176,0.20759543514199058,0.5843752046029662,0.797690339583601,0.8965999588930428,0.5469124173549126,0.17379678659501996,-0.0020812604782577395,0.019102507399721046,0.03220935640130074,-0.5289361201830661,16.794029810233457,-0.2569169960474309
KLAC,1258,2013-02-11,2018-02-07,0.12679603570294562,0.2666502608465063,0.5828542927709625,0.7885831429036997,1.026947437138825,0.48768912498731276,0.23279030776137477,0.014084246202202718,0.02459248209942663,0.0406291858225414,-0.8491221572020359,30.69046822216827,-0.449750534568781
IR,1258,2013-02-11,2018-02-07,0.11302835333792105,0.23464151825900278,0.5776509708350888,0.7607521784363098,1.2071684469968964,0.6514781943339512,0.17801486107683565,-0.030596082183713024,0.02083844338815368,0.033881087965251376,-2.898385423218941,41.548436797653686,-0.3167180061607394
CELG,1258,2013-02-11,2018-02-07,0.13729395153221224,0.30462518615885675,0.5756274147726435,0.8142073214581081,1.2688959924785386,0.5274691776327812,0.258801689031572,0.0007183501752170142,0.029544082761875354,0.04336360147876285,-0.43025117497695103,6.601004550332602,-0.3602238602238601
BIIB,1258,2013-02-11,2018-02-07,0.14755553572542413,0.3440929578512177,0.5736255029448853,0.8349704582867352,1.2863474535970172,0.4733903224896202,0.3030952350913057,0.020346474311672937,0.030597376516482346,0.04646195463616693,-0.4414759234996765,12.093278645359923,-0.5281314340938694
CCI,1258,2013-02-11,2018-02-07,0.08980992206440619,0.1779089551329099,0.5722898364093905,0.8459036030589736,0.6248765063072567,0.44476771646807195,0.15934343618991437,0.015816637400279877,0.01666183434333584,0.024583204303873934,0.1225835455341392,2.7005442551307937,-0.20505070202808096
WBA,1258,2013-02-11,2018-02-07,0.1157659134664284,0.2444158218466534,0.5713218467367843,0.8123823929090225,0.9186178429729578,0.4759292861196784,0.2149596946589957,0.013214994288056161,0.02247053668847154,0.03524146182317836,-0.6561199029138954,9.509027165296715,-0.33305750930905986
EXPE,1258,2013-02-11,2018-02-07,0.14547743633112553,0.3430089606051987,0.5712304315027332,0.8107726292975908,1.2200288267772759,0.45040322921088605,0.30624706178808936,0.028030259271440053,0.027744342635013172,0.045697066247210136,-0.9560129850223759,31.4297015262468,-0.33340616124098743
CBG,1258,2013-02-11,2018-02-07,0.11972216775570388,0.2555768423499063,0.5703814776845604,0.8166255084883954,1.414548477526334,0.7008631145417568,0.18230188757641608,-0.048901435798855,0.024944805194805186,0.03707984945887617,-0.07524332914257288,4.3967332798327545,-0.40082219938335084
DRE,1258,2013-02-11,2018-02-07,0.09578152022876463,0.1947735478551914,0.5671931531406894,0.8028512064056694,0.8904262512013241,0.5789017319369804,0.15881782836633496,-0.01207100391051817,0.01916821888351138,0.02863498385662483,-0.25264098882673924,1.5021921604003616,-0.24478888295029377
REGN,1258,2013-02-11,2018-02-07,0.1509219584921091,0.3632858933136643,0.5664232526884817,0.8992161031174208,1.3202100333519695,0.46018383983770084,0.32253380780607244,0.024079206176845273,0.03360586685884953,0.04336727964978795,0.7998843081274082,3.095798498093261,-0.44117150573936537
PBCT,1258,2013-02-11,2018-02-07,0.08890555966198366,0.1789847858493873,0.5657502413621024,0.781344339028307,0.9016998665266033,0.6379442946314797,0.13783305368946294,-0.022836076155180057,0.01840757525514904,0.02657535587137912,-0.5661554999101638,3.830077395625166,-0.19650000000000067
WEC,1258,2013-02-11,2018-02-07,0.08377870856231096,0.16734535452502405,0.5648059066967478,0.7676173528129192,0.46411771034312554,0.35119744596960445,0.15668569350564088,0.030643281222131124,0.017320444425662357,0.025704198550597687,-0.6311693447388601,1.6658328480333546,-0.21750478510527216
EBAY,1257,2013-02-11,2018-02-07,0.11675375325760351,0.2580001896373236,0.5565729969610663,0.814572933172793,0.9403797661855415,0.46172468494118396,0.22885217678746025,0.01381697923934436,0.023727317192081716,0.03650868959482775,0.45661658785269904,14.722552884809845,-0.25616762419736394
BMY,1254,2013-02-11,2018-02-07,0.11164386050173136,0.2458733803029023,0.5551567835898782,0.7614711963313958,0.8333167595483044,0.4292828851039396,0.22206548207569568,0.023968603519417108,0.021232662537373482,0.035551076838901234,-1.2282492050379026,14.650712508555403,-0.39012635143936414
DHR,1237,2013-02-11,2018-02-07,0.09076494724877526,0.1907054193981918,0.5550177186779582,0.7239185581411053,0.9305546502783887,0.61768084964198,0.1499762475306454,-0.019720184959097276,0.015172692144632767,0.02622345021034674,-4.503213993284425,83.79430814846621,-0.2586729209420503
ZBH,1258,2013-02-11,2018-02-07,0.09767084588079467,0.20792389617493784,0.5526826089442118,0.7834681757048759,0.8855117895897222,0.5392955191901422,0.17509616141751908,-0.006952950755613837,0.0187549254500049,0.02938791332343638,-0.43378298139497795,16.893605818118,-0.26373130964009384
LYB,1258,2013-02-11,2018-02-07,0.12185941343387863,0.2790494496429436,0.5523091942121896,0.7716529834317649,1.3670843421732202,0.6203703138320034,0.21886100658288554,-0.0340238877652149,0.029507859693225155,0.04214405743401821,-0.4205475373454183,3.480404503007791,-0.38380312418186613
PEG,1258,2013-02-11,2018-02-07,0.08715735059938368,0.18272597923241307,0.5489224186079686,0.7653142488332759,0.5736616850221744,0.3975506016625717,0.16766575009664794,0.021351994865129124,0.019753984437447997,0.026956790454207884,-0.3402484918587417,1.3073356786761652,-0.16646326580424697
ANDV,1258,2013-02-11,2018-02-07,0.13336525405235822,0.3241327659042636,0.5487697946608945,0.7826747891479006,1.2435754912947459,0.4858319676246502,0.28330896657025373,0.006726756080154526,0.033194509204273616,0.04524485356384258,-0.21275025556480381,1.786817676791451,-0.4194857916102842
LKQ,1258,2013-02-11,2018-02-07,0.11219891141955762,0.25194106530712584,0.5482557176401515,0.7858289802360173,1.1174305062519023,0.5616405176706472,0.20845134339054663,-0.01565863771662543,0.02348606541642448,0.03630790529802707,-0.09429568087650471,7.649115453146663,-0.30183106910809243
MDLZ,1258,2013-02-11,2018-02-07,0.09690508705554213,0.20914768061316696,0.5465433001451446,0.8146224318953357,0.9321605755344041,0.5643838101395421,0.17265402813731323,-0.013980664183166729,0.01977020818211708,0.029558086965428085,0.3022500683372687,4.162092173757591,-0.22582019599488667
UTX,1258,2013-02-11,2018-02-07,0.0794746404267801,0.16512666814055335,0.5459523963419957,0.7649644355209825,0.8914387625269334,0.683614341926168,0.12051661376952491,-0.032533273723661695,0.016457901008845567,0.024483995037401014,-0.45214413831761835,4.034767698389694,-0.31786318588348916
LEG,1258,2013-02-11,2018-02-07,0.09025109304311218,0.19621900075413962,0.5386395480373696,0.7518452262070071,1.0355858585939333,0.6683160950489965,0.1459628815449213,-0.03683155491563888,0.019000731605773626,0.029461784903618386,-0.19373728852612282,4.552147865475559,-0.2590196078431368
CHRW,1258,2013-02-11,2018-02-07,0.09176864569609311,0.20346448694357858,0.5338982757061715,0.7324472516561986,0.7400958598323275,0.4606130369842834,0.1805952929593304,0.006773385178281889,0.019598169573389862,0.031114211658985154,-0.7174927636537214,6.090538055870811,-0.2157853810264383
AIG,1258,2013-02-11,2018-02-07,0.09301305163386431,0.20751877478786704,0.5325879220276444,0.7602674200370234,1.104035242929478,0.6736935839517426,0.1533586147075347,-0.0414212463974865,0.019240975332162256,0.029823663877117688,-0.2576367851750516,5.259458473521189,-0.24403470715835096
PLD,1258,2013-02-11,2018-02-07,0.08765869551405814,0.1933302116475001,0.5315297864971038,0.7462906497492544,0.9279807041443693,0.6078215423838644,0.15351842815602343,-0.024952905369436344,0.020749458684310013,0.02882980868038112,-0.3132181851485442,1.9145465714140937,-0.24527901548907216
AEP,1258,2013-02-11,2018-02-07,0.07668085136838276,0.16714111854990313,0.5258028931379521,0.729761759919385,0.4870334516567398,0.36898809647611724,0.15534665854662838,0.020855133248674093,0.0162401700761738,0.024605127914816925,-0.3458998171855306,2.02381077628317,-0.18630943162459346
CAT,1258,2013-02-11,2018-02-07,0.09784271301957848,0.22638871119591764,0.5254242911747615,0.7707032316480552,1.1047161165017083,0.6179207675929519,0.17799594485491232,-0.03308681679875974,0.020931244243202557,0.032452176323300046,0.09891902721111902,3.8126421642655473,-0.4801615798922807
ALB,1258,2013-02-11,2018-02-07,0.11237499637845993,0.27745206814849577,0.5234308411775849,0.7281437302252574,1.161828161025168,0.5302623611272017,0.23523318823370187,-0.014670040749031587,0.025874265617948616,0.043006443054344055,-0.4764419964832607,6.908519641367969,-0.4246763976865875
AKAM,1258,2013-02-11,2018-02-07,0.1275038185927071,0.3384060256133961,0.5225566013097557,0.7705064790921377,1.2820335207487812,0.47973141832600436,0.2969226548767603,0.00039598744050813744,0.027337574413225523,0.046094976467840984,0.9366386724692443,29.0093898649456,-0.49502297090352176
DLR,1258,2013-02-11,2018-02-07,0.0977343760292253,0.2334792533926798,0.5177209495779339,0.6904320828864963,0.6249208100639113,0.3389327691941925,0.2196597555901771,0.03487215402458132,0.024669314811376037,0.03557912532356729,-1.3032093151777022,10.70714990112549,-0.39636708689169065
AXP,1258,2013-02-11,2018-02-07,0.08673609962021578,0.19943804632850812,0.5173395053107425,0.7195272914078018,0.9438035672872467,0.5992533521124219,0.15966201105823963,-0.02671411837920656,0.01905643077120867,0.030003425228587587,-0.5876504085831983,11.79049344272456,-0.4667153589315518
GRMN,1258,2013-02-11,2018-02-07,0.10639102784107357,0.2645134065015987,0.5139750965177123,0.7567121874590758,1.0393562191191406,0.4975693260328778,0.22944533353769292,-0.007088462357511777,0.02249892169904596,0.03657253925442963,0.49582913360360603,15.648699857730051,-0.47673853136650923
TIF,1258,2013-02-11,2018-02-07,0.1040450528425847,0.26051655582908584,0.5104053741752455,0.7384105389255349,1.1398149998178728,0.5540333512085047,0.2168785925668636,-0.02389839093961522,0.02242846613063452,0.03626797483725753,-0.025882129847071646,12.578789066889717,-0.47105916996411235
WMT,1258,2013-02-11,2018-02-07,0.07560842474654583,0.1732150824426134,0.5071478395288413,0.7421150888899143,0.5367209216360666,0.39237351814963445,0.15932426690660778,0.013979248818335394,0.015118677156304433,0.02459183211410187,0.5025454864039501,19.021752293116773,-0.3763678567480928
XL,1258,2013-02-11,2018-02-07,0.08275882438498194,0.1953574251602745,0.5044011926607698,0.7333571282450118,0.7838962839541761,0.5081191371126679,0.16825877051165217,-0.009345484130302506,0.018320108082224628,0.02721878935598838,0.43059141729026423,12.883016440690557,-0.2708958422631802
ESS,1258,2013-02-11,2018-02-07,0.07492134819262475,0.17964896076065365,0.4920681838883399,0.6959182191307088,0.6535366895650362,0.460661729173986,0.15945206708375953,-0.0015436793921793732,0.019364687114832278,0.025847013849221966,-0.15886557498190912,1.3976353409604492,-0.21298456752220762
WDC,1258,2013-02-11,2018-02-07,0.11557925350707343,0.34223452222298667,0.49123178635094505,0.6916571274277332,1.4383266889922053,0.5321947572233133,0.2897432614241775,-0.029833741831799307,0.033883863645630924,0.051243326674334316,-0.16735726044026833,5.040091686142732,-0.6898844942247111
RHI,1258,2013-02-11,2018-02-07,0.09671570688898079,0.25567946750688775,0.49066428840539655,0.6490931776845467,1.2428379789353268,0.6155389391221017,0.20150264362138776,-0.04559323092544492,0.022021814146388995,0.04172098959787295,-1.2153763535963156,8.00437129187103,-0.45126984126984104
ADS,1258,2013-02-11,2018-02-07,0.09892285460803141,0.265266134542003,0.4904749626420825,0.6659947854952755,1.1794982585876914,0.5630570024239286,0.21922072463330122,-0.03222246614191859,0.024459898483916463,0.039574388190530274,-1.3051925518386176,17.67636643277015,-0.4284792359071997
NTAP,1258,2013-02-11,2018-02-07,0.10037433376136229,0.2689484267766337,0.48834076334311277,0.748338761152976,1.0575962625276643,0.49795232898182057,0.2332332601099621,-0.014213578365469591,0.024690357582269867,0.03618517616649608,1.3299337911407463,17.052164791065042,-0.5371864776444927
KMX,1258,2013-02-11,2018-02-07,0.10477317084028148,0.2891366145860161,0.48829574715130913,0.7246574002123263,1.313836959335615,0.575407147008263,0.23647532834804516,-0.0396330953638474,0.027328077226808273,0.04054151332106252,0.5829857388640884,9.153709836103651,-0.43596949016459297
UDR,1258,2013-02-11,2018-02-07,0.07460917314255044,0.18127219009660928,0.48780349882874396,0.6778624209400997,0.6506452605721237,0.454516817997395,0.16146605630036356,-0.0011200747473455346,0.019959558060854494,0.02679281939422202,-0.34411175498594493,1.2132715913824166,-0.1707680835197617
PNW,1258,2013-02-11,2018-02-07,0.0686730316683184,0.16465309921964894,0.48591482426497434,0.6727576107988388,0.50407342449295,0.3876687201193165,0.15177702353959538,0.01063409905721965,0.01747799748983819,0.024288293395173518,-0.4057776004249049,1.2267360376747007,-0.22298882296122557
CVS,1258,2013-02-11,2018-02-07,0.07759040622084212,0.19680719647462389,0.47885933032466654,0.6544858767878815,0.7802677649495756,0.5020414315747805,0.1702074384476833,-0.013141663862429431,0.018346915130255836,0.030171333366539228,-0.8971065760409057,8.52198262644561,-0.4111943587483474
TROW,1258,2013-02-11,2018-02-07,0.07783594810843897,0.19864930741864947,0.476673875326289,0.6779622539536908,1.1761042525042487,0.7497140223922283,0.13145855396817632,-0.06717082708997923,0.020253356898262676,0.02944385216112707,-0.0512151601320291,3.012354288647581,-0.2783422765155853
WHR,1258,2013-02-11,2018-02-07,0.09847852080638608,0.2814154449877541,0.4751659542416611,0.6629270865132598,1.259277388397232,0.5666440655630096,0.2318758250873008,-0.03958945597516854,0.02413641161215542,0.04262889814228389,-0.3732634640511307,6.482608827963943,-0.4083255813953486
GPC,1258,2013-02-11,2018-02-07,0.07273319556350888,0.1843059623383154,0.4734306139796338,0.6544456226325774,0.9462784778115666,0.6501543107425366,0.1400360743355217,-0.04297582413023412,0.019591573027311845,0.02744146089592424,-0.4883130585714323,3.9606751423158824,-0.28538454436340155
UPS,1258,2013-02-11,2018-02-07,0.06328999141899083,0.1578987665843536,0.4683235743118401,0.627914746127666,0.7858699880735036,0.6302441669244094,0.1225921275051826,-0.034207919355153535,0.014379491653780873,0.02353700965373334,-1.3371376569189366,12.48875481370605,-0.22363238512035089
EXPD,1258,2013-02-11,2018-02-07,0.07481129822943378,0.19493566251266845,0.46774738940381594,0.6588938101066383,0.8162220527426758,0.5302173011292207,0.16527849959662783,-0.02115220045754222,0.01978126974312374,0.02856345822214574,-0.2310064257642149,5.438536164408092,-0.18943239501615106
A,1258,2013-02-11,2018-02-07,0.0860216772885467,0.2457660576775107,0.46480016817612857,0.5991184166237045,1.1808229590901202,0.6084147782595595,0.19504466564041725,-0.048279071004685176,0.021403619700340566,0.03505265579664961,-3.9470912963095883,65.82571860548305,-0.4523223371081563
EOG,1258,2013-02-11,2018-02-07,0.09697699621542699,0.29720805435693803,0.45970216021927984,0.6739074570818417,1.3087648533728073,0.5576194551245891,0.24671142726825912,-0.04349203961859423,0.029063402137027277,0.0405834341668001,0.16917492160996078,2.4530879166118438,-0.48940498389557563
LEN,1258,2013-02-11,2018-02-07,0.09242979159741016,0.2802761593648007,0.4553372465453288,0.6689313604797941,1.3008418782739866,0.5877264293925683,0.22676015338563366,-0.05140864732302222,0.028065715380123573,0.03841695346675508,0.1141997618007578,1.8804054726224133,-0.32002201834862354
SRE,1258,2013-02-11,2018-02-07,0.06463908425736409,0.16954341768049197,0.4544755722575024,0.6262858104282696,0.6187645479040251,0.4621482982134491,0.15035155308436826,-0.00810434722615978,0.01644284035588381,0.025444309900592422,-0.48246187410881713,2.087325250409053,-0.24902891670263305
D,1258,2013-02-11,2018-02-07,0.06323800447278227,0.16670621926218307,0.45120660527904943,0.6357794782248909,0.5015068910778517,0.38094473137760004,0.15413620536749872,0.0061988846232847285,0.016897688766234924,0.024536830439671493,-0.0675447157323419,5.059824683811605,-0.19120029913997105
PSX,1258,2013-02-11,2018-02-07,0.08365968123060963,0.24499435556391883,0.45085124895957296,0.6290501260924554,1.2276072350718792,0.6345125689452077,0.1893592104942723,-0.05849386722301191,0.024067371699352105,0.03666673964854223,-0.353282818293375,2.0385446686508875,-0.32476288424180055
GM,1258,2013-02-11,2018-02-07,0.08224383255618162,0.24118216608457932,0.44823004141916317,0.6473320334210184,1.1130461522666975,0.5843927913484042,0.19571231589651386,-0.0450782767234021,0.025034509806813255,0.03428828649286961,0.021009785656981132,1.5534772990860408,-0.352275463520347
LLY,1258,2013-02-11,2018-02-07,0.07399863724242572,0.20751397806943989,0.44813531219971686,0.6367276018198282,0.7548191231029641,0.4606089868793303,0.1841900616924748,-0.01088790651745857,0.01877398362241413,0.030497016176820605,-0.383547286545927,6.880016429084816,-0.26683707490553465
PX,1258,2013-02-11,2018-02-07,0.06102166715287516,0.16120307204442658,0.44796276348569564,0.6535082674857122,0.8556395336578597,0.672131728729903,0.11935984692111687,-0.045544718768430234,0.015031369313436311,0.022401350568178508,0.09477950282989114,1.8303482159244278,-0.28618103512289217
MPC,1258,2013-02-11,2018-02-07,0.0985422257506805,0.3489600390065357,0.4437867627079844,0.6330768573464197,1.4108445733940271,0.5119650851128735,0.2997588573680466,-0.039304135663475494,0.033277718092398385,0.0504128795018707,0.16449956006615318,12.131018184416433,-0.48213683855746536
PCAR,1258,2013-02-11,2018-02-07,0.07669059463738459,0.22330694373129029,0.442723210643097,0.6340095985396015,1.2533793717752375,0.7107505163646526,0.15708396819309856,-0.07363361072704759,0.022341623138626133,0.03228051869375082,-0.18899053815701228,2.6308932303364165,-0.37394007914075755
XEC,1258,2013-02-11,2018-02-07,0.09737890099319646,0.34741188897644315,0.44093584773697725,0.6431554698009391,1.4334279836446036,0.5224780751471064,0.2962216921097877,-0.04408967570453396,0.03498805258866503,0.04707057695447775,0.09095831009172296,1.8062293062146584,-0.49183303085299424
PHM,1258,2013-02-11,2018-02-07,0.08980645774861773,0.29185662643317295,0.4409097238678694,0.6293643976660608,1.349256489954878,0.5854122774248273,0.2366186025639206,-0.057009475427937904,0.028296930714637836,0.0419119277877204,-0.1808617425040645,2.8299341273065868,-0.3769072164948458
CAH,1258,2013-02-11,2018-02-07,0.07604598322777556,0.22450643649218247,0.44004837659770746,0.5904505247828418,0.9445386091083616,0.5327553101454918,0.18999291167225557,-0.03119876608252503,0.020248901232157907,0.03451270545753219,-1.2083082265168632,9.495517150267538,-0.3989071038251363
SNI,1258,2013-02-11,2018-02-07,0.07726342954888055,0.23088434709616673,0.4369732639416605,0.6537890245979945,0.8757451717941382,0.4803083421510932,0.20250859324692275,-0.01963445119525107,0.020857269503546046,0.032313905689272865,0.7935827581476957,11.855398623185037,-0.4428885545654435
CMI,1258,2013-02-11,2018-02-07,0.07665788995986045,0.23130253800206582,0.43548487684091286,0.6048167769552971,1.1519014321218577,0.630625878889588,0.17951088823639788,-0.057802083327482795,0.02270861808466616,0.03468978572592063,-0.4553936958213259,4.348823480731858,-0.47978822796636533
OMC,1258,2013-02-11,2018-02-07,0.0643266144887189,0.18109686568101996,0.43494936004593765,0.6111614844408817,0.9033407985016625,0.6316515411219378,0.14039578522867135,-0.04555462995677118,0.01942264936975478,0.025914209807368686,-0.26703562943669507,2.002870924587716,-0.2594099694811799
MCK,1258,2013-02-11,2018-02-07,0.08057688616286574,0.25684110516872805,0.4339276561198013,0.5794897314047245,0.9268250429069613,0.45695149102062366,0.22845800968016994,-0.01610416444365634,0.02140498816335522,0.037978334192928544,-2.292043516710597,34.26646789297108,-0.4887332646755915
CERN,1258,2013-02-11,2018-02-07,0.07594150075083239,0.2320205005967596,0.43161429459379513,0.6120060580986246,0.975848362509709,0.5325898028384171,0.1963760032180684,-0.034158110147772675,0.02282959942653986,0.03408383986672582,-0.12541851507965507,4.180531133061055,-0.36840000000000006
AIV,1258,2013-02-11,2018-02-07,0.06546953470702777,0.1883438284526832,0.43104048348351076,0.6062660395388637,0.6815512302338221,0.45823048751645956,0.1674062861918635,-0.01261491340744734,0.019848786796602794,0.02729942898933395,-0.2701229710909099,1.9321448696652732,-0.24698795180722888
ED,1258,2013-02-11,2018-02-07,0.056690025390583765,0.1568843096321459,0.43018970438693177,0.5827768896713176,0.3165044377612483,0.2554683844305601,0.15167848193069047,0.023930979979534216,0.016314522426718686,0.023866804513262323,-0.5778620216044054,1.7592060461373435,-0.19873949579831995
XRAY,1258,2013-02-11,2018-02-07,0.06351952478312439,0.1860132958260652,0.424396671084005,0.5905516383330707,0.8257448351918438,0.5621325673291835,0.15384176487334775,-0.034700000464627366,0.018043247814445322,0.02764224471872914,-0.4676138780812955,3.983336702590315,-0.19515169995426096
CXO,1258,2013-02-11,2018-02-07,0.09038735407420151,0.3645435978018471,0.4197244402132543,0.6039334949932249,1.488266161009386,0.5169731652388151,0.312049904525606,-0.05181529745200294,0.036539098559932884,0.05110170671324675,0.0020837520954222572,3.689327946102086,-0.5099999999999996
BWA,1258,2013-02-11,2018-02-07,0.0799130699395092,0.2772342625777279,0.4169700037938915,0.5697002747025735,1.4407873053220153,0.6580968917956178,0.20873889471203586,-0.08269048920520201,0.029000295914750587,0.042669674280129945,-0.6508663042797165,3.1903889677906525,-0.5890471950133569
ES,1247,2013-02-11,2018-02-07,0.05624529984653259,0.16502103032787843,0.4143481103275496,0.5653339190120684,0.4703664238871548,0.36044831307963426,0.15392818267500188,0.0053305403946956815,0.016489249339950517,0.02489058515131268,-0.4773749741158568,2.21543094008954,-0.23725050880014176
ADM,1258,2013-02-11,2018-02-07,0.06912649172585739,0.22675094877160262,0.40882522285128003,0.5585492219642635,1.0025407715380652,0.5598733551005106,0.18788089198714852,-0.04527351988155709,0.022950781559543026,0.034772350675618374,-0.6301856940986522,4.465685558173983,-0.4319493576615161
CA,1258,2013-02-11,2018-02-07,0.063360864342904,0.1989323111724329,0.4080825150917959,0.582547307207315,0.977696944023671,0.622351582585641,0.15571184520056627,-0.05337508865029408,0.01778777309719015,0.029013626741854506,0.31498491325196254,14.812937818570957,-0.2587859424920136
SJM,1258,2013-02-11,2018-02-07,0.06101109459568921,0.1890067970542921,0.40785253856643167,0.5838306183039317,0.6559473653925371,0.4394691951135772,0.1697768035404063,-0.013188085376640455,0.016576829566866635,0.027193194612443607,0.02304850279229249,12.369739398811909,-0.3599820777059468
DOV,1258,2013-02-11,2018-02-07,0.07045115438682781,0.23651357725059072,0.4074093347245593,0.5642506247941002,1.2033498596935177,0.6442771125475854,0.18088372254064583,-0.06925360941970518,0.02144903355819569,0.03406366366688345,-1.0130888223406365,12.52121121473884,-0.45463020509633345
IP,1258,2013-02-11,2018-02-07,0.06831987665928896,0.22815115498251923,0.4041640237455127,0.5678862276926485,1.140076002913895,0.6327730899470072,0.17666594381176615,-0.06469287291956992,0.022496435689643074,0.03352267961352763,-0.4059744345213181,3.777529805822311,-0.4342767841639178
CL,1258,2013-02-11,2018-02-07,0.05291642000783536,0.1593172397584696,0.4033861218919553,0.5698363324617293,0.6730256674521115,0.5349407998511242,0.13460546996546227,-0.02835903120532022,0.014785061236192297,0.02383513905680629,-0.1765560123184036,4.749435987053631,-0.15519171564511636
ORCL,1255,2013-02-11,2018-02-07,0.06379208123789004,0.20623049252837108,0.4032831682728212,0.5622701054443622,0.9637391670207873,0.5923345576240832,0.1661582801247811,-0.04984858868093832,0.019124946633742534,0.030935832076640468,-0.3065372951974453,10.771132166356375,-0.26584468959550045
MAA,1258,2013-02-11,2018-02-07,0.05761555123252737,0.18237929762099955,0.39866570058465844,0.5428909540239569,0.5838501793894302,0.40538040099627437,0.16672168657951422,-0.007644216267818051,0.018892164829671886,0.027967686727589286,-0.5268576101208224,2.2095998162155115,-0.2163764019330725
ETN,1258,2013-02-11,2018-02-07,0.06746040114550245,0.2327410276219665,0.3971321483306325,0.5598611555699043,1.2579819461022788,0.6844446444659016,0.1696832981073868,-0.08070126442448299,0.02307690463833022,0.034284507387192006,-0.24775934228601554,4.287806845923975,-0.40495971802618325
PFE,1258,2013-02-11,2018-02-07,0.05417929087977136,0.17152490909785972,0.3931274986944742,0.5854913316296235,0.749800785585009,0.553548351887245,0.1428488670820294,-0.03576043891826982,0.01753463669233728,0.02376133347700201,0.3484169773752309,3.5945689760466975,-0.2099585062240672
FMC,1258,2013-02-11,2018-02-07,0.07029224350283236,0.2611571388470115,0.38980456676681696,0.5853297190375757,1.2151667206687276,0.5892109835341829,0.21100954084703438,-0.06543750287113283,0.025016962673774706,0.03598648047609747,0.6503591024974806,6.8870386982241305,-0.6037304452466908
MRK,1258,2013-02-11,2018-02-07,0.06305605053405183,0.21726625862065907,0.3890904027774637,0.5908001594683822,0.7650538173766045,0.44589907302853155,0.19447138793992635,-0.02075458519554292,0.01777470955817635,0.028600497420139606,1.2692793753700595,34.70013062706429,-0.23179438362684368
GIS,1258,2013-02-11,2018-02-07,0.05116407796308198,0.163914301312018,0.3865820977423158,0.530967778865178,0.6446109548409988,0.497986653911267,0.14214397313271437,-0.025348475412518817,0.016913420118842407,0.025848115085507366,-0.4282679033171997,2.7881481515952067,-0.31029735682819404
ESRX,1258,2013-02-11,2018-02-07,0.06111346695408093,0.21491433176643387,0.3841541263619592,0.523126317021722,0.7929364465140556,0.4672075703422307,0.19001600371788296,-0.02656793057254015,0.02015785159138475,0.03346018139837433,-0.7052378507842604,6.504473124692782,-0.39615221088435393
JEC,1258,2013-02-11,2018-02-07,0.06554751634868028,0.24078006921045603,0.38396207550454875,0.5484863810032492,1.221687460483927,0.6425049088368292,0.18450532908206355,-0.07568475223868623,0.023738778500740427,0.03477533548782532,0.07504073124491345,4.14359084458913,-0.47522825924262757
AAP,1258,2013-02-11,2018-02-07,0.06869467243328331,0.30095112486910847,0.37131654795687746,0.5515039632377616,0.9526471301674736,0.4008417609220036,0.2757155616968341,-0.01936026427525114,0.023624063578650017,0.03920136336165324,0.33682829055613844,29.06578030640629,-0.603852679908174
STX,1258,2013-02-11,2018-02-07,0.06919798976546532,0.3910399871714995,0.3700997224032408,0.4995629961210467,1.4182228030219162,0.4592616298686686,0.34736123117425866,-0.05045962244101543,0.035728734633616886,0.05921653644225057,-0.7964929128729266,16.364220168139084,-0.7279860505666959
EMN,1258,2013-02-11,2018-02-07,0.06198480686771357,0.24144516466733873,0.36950023101574436,0.5324922259095372,1.2055730236842515,0.6322835425823099,0.18705651852806313,-0.07670336818629321,0.02356338534511444,0.03448643774618444,0.2549666200235715,6.150253049852148,-0.3522172949002226
MYL,1258,2013-02-11,2018-02-07,0.06996866846012173,0.3416167875407153,0.3685514678712993,0.5437105366045357,1.1646480147233107,0.43171024499962324,0.308142558452587,-0.03438172502796144,0.03007590263656275,0.04537292936588798,0.2373686074045504,11.183568741775646,-0.6104391270049967
PNR,1258,2013-02-11,2018-02-07,0.061133104522801185,0.23927807086064382,0.3678104007602736,0.5191354869658201,1.268994691012373,0.6715738473414469,0.17729012609132175,-0.08663687849214927,0.024256278918220138,0.035120094080252975,-0.18773028946630724,2.574332289050407,-0.4821881415288002
WYNN,1258,2013-02-11,2018-02-07,0.06995699188492255,0.4052687289277044,0.36758557692693167,0.553948199913034,1.365795116651709,0.4267556995601551,0.3665116426617666,-0.03899709479272282,0.03729502464573758,0.05653570905537812,0.6980270692514186,9.826569582981652,-0.7922968340391209
WU,1258,2013-02-11,2018-02-07,0.05870484117975194,0.22814554529800374,0.3643115161522379,0.5191184511181349,1.054528041919296,0.5853060435830532,0.18498324942180452,-0.062013743943933906,0.021426487885203602,0.03193233592992678,-0.1357181050197813,9.86481367110272,-0.27127659574468077
FL,1258,2013-02-11,2018-02-07,0.0662769544003119,0.32820617562368004,0.36234068371900197,0.5099994901590902,0.8841321938940734,0.34112011152335836,0.3085202765308956,-0.002756554735266026,0.025218843715621504,0.04452829445154042,-0.3009114264458273,57.79568776936221,-0.6308080808080812
NUE,1258,2013-02-11,2018-02-07,0.061355929336028625,0.25508350175440936,0.3605266774384308,0.5310216880092975,1.2448444034266917,0.6179730981693533,0.2005464560208832,-0.07935774243052646,0.025007580696883767,0.03463442306557662,0.31889938195951567,3.6453974390014765,-0.39989671199862253
KSS,1258,2013-02-11,2018-02-07,0.06470800466641857,0.32935505423942596,0.35832784204457097,0.4812580099287961,0.8749645659939488,0.33640543354091884,0.3101593368851583,-0.002400220938427725,0.028403915580192653,0.0503697404647249,-1.1986066116109801,16.654889549581593,-0.5638042241052232
PXD,1258,2013-02-11,2018-02-07,0.06450211972626962,0.3547206298904386,0.35351158469819005,0.5065971928354405,1.3882894886877586,0.49559904093102897,0.30809311117359844,-0.06566597820831946,0.03631223896300312,0.05088965437203888,0.03866881488127419,3.09573412188703,-0.5398807225297115
FFIV,1258,2013-02-11,2018-02-07,0.060913754627869965,0.2823908536064306,0.3527444528533643,0.4749764028206951,1.0572655198263754,0.47410038889747763,0.24863689943962033,-0.04589473267046461,0.02604200094384143,0.04323962247229705,-1.1122295221224934,15.608397843999853,-0.35637628598919424
KMB,1258,2013-02-11,2018-02-07,0.04337118237399218,0.16088722664298502,0.34444926702137196,0.4810582150859062,0.6347595934159165,0.49960246979309714,0.13936933174882332,-0.031941525485006575,0.016482004075072935,0.023623234634389437,-0.26956213809508284,3.783478773525689,-0.20458987909939896
CNP,1258,2013-02-11,2018-02-07,0.04749090097874831,0.18779301202933923,0.34107909438866296,0.47509766877484066,0.7601555290538802,0.5125779263816048,0.1612467252384501,-0.040564402139824554,0.019594805524885357,0.02733104754112535,-0.2119831182116296,2.6328526934548417,-0.36805011746280303
FOXA,1168,2013-06-20,2018-02-07,0.05327150250150381,0.23754904722698705,0.33715987218650645,0.4857777266304162,1.0109047022610513,0.5361938086782199,0.2005139391697599,-0.05190389616561146,0.02129670763366494,0.03403644403228593,0.06718446522238958,4.8218748308711765,-0.3957959497564728
EIX,1258,2013-02-11,2018-02-07,0.04532813919791101,0.1839616652549053,0.3340595664459734,0.44418402954614256,0.4600611883546832,0.31668327928082746,0.17449340462612195,-0.001861929065683788,0.017706975486274833,0.02712932767957475,-1.5014816485838163,14.002268534267953,-0.2777105517909001
TSCO,1258,2013-02-11,2018-02-07,0.053161431533290004,0.25685919395299456,0.33058660598928463,0.4688203582758512,1.03739116308302,0.5114277600192949,0.22072585424591065,-0.057857115318748716,0.022879755823881482,0.03544540489019433,-0.19759400959141382,18.052249696207685,-0.48330749354005187
FOX,1168,2013-06-20,2018-02-07,0.0499569724704918,0.23140663474761541,0.3262620894483552,0.47140310671603775,1.0071627939577619,0.5483890046301683,0.19350763249911862,-0.05600810175166206,0.022066485462782476,0.03299854845700727,0.06591261837397194,4.1875385299793955,-0.35671422856380963
AVB,1258,2013-02-11,2018-02-07,0.04208581271956002,0.17245730503588746,0.3253295320278886,0.4559703659221599,0.5894905580763998,0.4328447227640266,0.15546482707876358,-0.025023391488753835,0.01851866937811658,0.025134161398892223,-0.1725925296400273,1.6285727165629507,-0.20502260170768494
AMG,1258,2013-02-11,2018-02-07,0.051158013577601524,0.26711442410100467,0.3206415670846158,0.4553443599796789,1.5932902346617648,0.755325979752625,0.17505324256007146,-0.13362914259192238,0.02591953828456375,0.03850502570559448,-0.2067835263116792,3.9932753961671725,-0.48337865099552646
HSY,1258,2013-02-11,2018-02-07,0.04314707103423032,0.1875928082897463,0.31803366159279206,0.4712120262869966,0.6149424302826831,0.41510230385688596,0.17066719836608887,-0.02497084100532625,0.01508862048346165,0.025207568731907784,1.5198881707495422,39.95466715488658,-0.24787867846181555
DVA,1258,2013-02-11,2018-02-07,0.04665620182937902,0.22168222252741307,0.3163169420061612,0.45457775554085206,0.7425718333212968,0.42417441908267595,0.20075110039183505,-0.032074867565451685,0.0186429161023892,0.03171493972998356,0.32545095312310657,17.333722680942884,-0.3602042027781087
NWL,1256,2013-02-11,2018-02-07,0.04565312979871328,0.28047320007552656,0.30708281501592255,0.39452625014186743,1.1044470091729282,0.4990345661261016,0.24305304917597254,-0.06571213350608547,0.021728297043540873,0.04044104001931411,-3.7435788837562916,59.38780815410251,-0.5373329993319971
ALXN,1258,2013-02-11,2018-02-07,0.04584790390372517,0.3799325038116971,0.30637818818206003,0.46002325032397723,1.3818220527607497,0.46055609960010013,0.33723971568969846,-0.07377071490771905,0.03372246536092634,0.04986863684234763,0.6118525256843714,7.376419011005446,-0.5299268668206314
MET,1258,2013-02-11,2018-02-07,0.046326127338289114,0.25394798200084406,0.30617304482897617,0.4205333699052976,1.3519697206241523,0.6741539256179381,0.1875636629079413,-0.10831328244740512,0.02449673216266327,0.038379176256595614,-0.6382768782994336,5.608446185966319,-0.38977469670710574
CBS,1258,2013-02-11,2018-02-07,0.04533198062455979,0.2359647999645829,0.3057398127548868,0.4444392515385389,1.087735079842834,0.5837310321214397,0.191590933426221,-0.07755608999550441,0.022163965790572098,0.031868682470707524,0.053522987104955726,0.9380368167666857,-0.42753515914137763
YUM,1258,2013-02-11,2018-02-07,0.04184869877409847,0.2620712526294916,0.29776825755819963,0.3699759127848732,0.9834946112579357,0.47521426513071097,0.23058866064954367,-0.057317292271584185,0.020168673182681653,0.03725819396243,-5.660946902081143,97.88524845286864,-0.3707841483979759
QRVO,780,2015-01-05,2018-02-07,0.03406018355982576,0.43939056406016624,0.2939746555470302,0.4305645095268289,1.5932583402670328,0.4748125571565688,0.38670190038550717,-0.023790186349695805,0.04167172462131674,0.06292731665041675,0.6059266164820168,9.097131723882372,-0.6067646053980182
IVZ,1258,2013-02-11,2018-02-07,0.04152306768891578,0.2530225737038661,0.28814767795575985,0.39973187710171887,1.5767759688169871,0.7891282521644356,0.15541366590710196,-0.14409648138580272,0.025091742397419254,0.036663603925900345,-0.6116741136393254,6.169925982014666,-0.44659498207885306
PWR,1258,2013-02-11,2018-02-07,0.03929682688072411,0.29519304858038875,0.28583981843754436,0.36591052296703197,1.3027947149743666,0.5588647667728259,0.2447914359185926,-0.09491965442944574,0.025367634737339998,0.04351007903922533,-3.3851272641597623,48.8251469712887,-0.5352150537634408
EMR,1258,2013-02-11,2018-02-07,0.03707694199099931,0.19677930623356632,0.2833955569930409,0.40266160848644644,1.0976247316669465,0.7063359773634431,0.1392954949148306,-0.09529460947671782,0.019573200565182462,0.028483730499310765,-0.061694654799140235,1.8269962093522132,-0.3980927981781942
PVH,1258,2013-02-11,2018-02-07,0.04035345500309839,0.28198973014455336,0.28159061804972263,0.3980146958676904,1.0577616138443775,0.47499756062258636,0.24814732826222963,-0.06616915253566427,0.026070976931072465,0.04256468708011663,-0.15959515461681123,5.748407686976075,-0.5174393256794065
MON,1258,2013-02-11,2018-02-07,0.03553171089134821,0.19058264492346996,0.27820130206215454,0.406947813116178,0.7922393238891107,0.526392768477793,0.16204127893396597,-0.05601187621980993,0.018457065009338428,0.026982226571464214,0.3628775582425139,7.554937167935785,-0.34419632289118773
OKE,1258,2013-02-11,2018-02-07,0.03426994034180897,0.37182278462208795,0.2748234008986469,0.40100355626283346,1.4557171201504742,0.49576727870747256,0.3229115101945695,-0.09815797955061097,0.036163456199147265,0.055978860981336365,0.8212597269365053,16.667326315021135,-0.7333051563820793
CTXS,1258,2013-02-11,2018-02-07,0.03745375948301044,0.28101272176392467,0.2747576181167807,0.36475877438397414,1.1041228948835236,0.49754034486454374,0.2437619104995204,-0.07474491648217961,0.02391799127360992,0.04233294662318054,-1.735612737926461,24.488107753164577,-0.309314817240928
HAL,1258,2013-02-11,2018-02-07,0.03794329331613944,0.3066616694956701,0.27473417220869445,0.3950037200139179,1.3767747100570225,0.568512807490775,0.25228270855317136,-0.10522866482137216,0.031067478493923075,0.042888507013024074,0.0256793156486831,3.7267184326773766,-0.6152391245609291
PSA,1258,2013-02-11,2018-02-07,0.03328504582506753,0.17907385369476383,0.2725592031829397,0.37814057149318664,0.6159974588975783,0.4355957257450328,0.1611919707731167,-0.035968640525232874,0.018038163324004902,0.026444080018648727,-0.33719144772882215,1.9533724757813502,-0.33043761537626226
GWW,1258,2013-02-11,2018-02-07,0.03706795327028445,0.23753426881923698,0.2704730503919487,0.4060994776191892,0.8914475976682821,0.47523280716978683,0.2089969232783486,-0.05843917157424842,0.02135202903583988,0.03174921341864018,1.4867795438416274,26.102631035072175,-0.42976533703149367
DISH,1258,2013-02-11,2018-02-07,0.036884432722704696,0.2731658319459118,0.26900205476187883,0.38857877492871895,1.0240751874529874,0.4747252548718665,0.2404225478843756,-0.06745653854110717,0.027482847114057986,0.038731383101802824,0.08827264690617749,2.532726563786258,-0.49993703563782854
CPB,1258,2013-02-11,2018-02-07,0.03390829959360864,0.19595706520636494,0.2686081581251466,0.36979878452233583,0.6210718253222071,0.40134492005772926,0.17948236534585704,-0.03283956251021819,0.01750902861430682,0.029188531272692574,-0.5952566917259295,6.34255248604247,-0.3454706927175848
KO,1258,2013-02-11,2018-02-07,0.028274573577564688,0.14104279884603624,0.2683393550750612,0.36909363604816237,0.5281223522003295,0.474155180820645,0.12417990371027866,-0.03483569118661915,0.014379185654525228,0.021576561281914312,-0.3985775228839264,5.131820651475328,-0.15257639973232162
KORS,1258,2013-02-11,2018-02-07,0.029784717098682023,0.3693128611000261,0.2630109246389532,0.38849564465721553,0.9330520445998216,0.31992509361903626,0.3499028258532829,-0.03127829942855541,0.03167091345290455,0.05126237375838942,0.8523765345212899,28.62739047340509,-0.6689703525641028
SYMC,1258,2013-02-11,2018-02-07,0.03311866957365206,0.25968231363664473,0.2588591932956665,0.33271827823879047,0.8605266664717985,0.41962256098699424,0.235713295114976,-0.051209131558769654,0.022333094823295183,0.041077081698169385,-2.2519139936100494,23.028174382846835,-0.38427299703264006
TGT,1258,2013-02-11,2018-02-07,0.03233668234518494,0.22886142107107266,0.2542441569670337,0.3475532811971968,0.7059546748716651,0.390607966918714,0.21068001128144256,-0.038970581892012184,0.021473405304362085,0.03495175228478247,-0.6532241224313541,9.516320288257509,-0.40971650394071235
JCI,1258,2013-02-11,2018-02-07,0.031483798554892584,0.20919503620766963,0.25266307789389775,0.35917770403146454,0.9498887750936749,0.5749872956399465,0.17115549973386254,-0.07787291574777348,0.01999703247738016,0.029848504593396483,0.1185073413958845,7.830384812833691,-0.35837382731884604
VZ,1258,2013-02-11,2018-02-07,0.028422713893717644,0.16487712991874584,0.2522748987713688,0.3630882155554445,0.6078236498170508,0.4668249334033454,0.1458090487388245,-0.042057582783510086,0.01578408473435362,0.02310645317078424,0.18138837056019752,3.582821752597295,-0.24128781178135483
JNPR,1258,2013-02-11,2018-02-07,0.030630074874174795,0.28629166584833804,0.25000370946164896,0.3386007652171031,0.9734196187094841,0.4305546243867928,0.2583967003876949,-0.062393239672546445,0.02551754194813693,0.04506395981287909,-0.7818054762680741,8.945818813107115,-0.3409866583928016
EXC,1258,2013-02-11,2018-02-07,0.030733343710792393,0.2082976680179839,0.24987700750907543,0.3428492532884078,0.6136816574238309,0.37307453263446727,0.193258862981337,-0.032409356449656736,0.0212334680227922,0.03061981117149012,-0.4975405148151889,2.763469281113759,-0.34092674087496677
HST,1258,2013-02-11,2018-02-07,0.02965212974106035,0.23508471049660834,0.24220530799900708,0.3349955258380443,1.219162207157109,0.6567105239215276,0.17728743011814335,-0.11084886376200319,0.02346361090880532,0.03469720361374989,-0.3592526111252694,2.0923423053826324,-0.473078503904644
NLSN,1258,2013-02-11,2018-02-07,0.027454364561813716,0.21683087745199994,0.23500409798585525,0.31708071066788784,0.892825896553946,0.5214137985867113,0.18502264669664537,-0.07191933393326333,0.02002133992116239,0.03149805024749421,-1.5504836183196633,19.807009223718133,-0.36086722809532357
WY,1258,2013-02-11,2018-02-07,0.027075640204855977,0.20936310469635339,0.2324022449789996,0.3262608444896,1.0339437740160535,0.6253651007555249,0.163372791994418,-0.09364042078217666,0.020621608090938902,0.030979291073222472,-0.18324354907093252,2.4288457448041156,-0.3943853911147446
UAA,1258,2013-02-11,2018-02-07,0.011084747424314534,0.395973780728407,0.2286653975122878,0.32073954519504044,1.3137564833953117,0.42013156404970625,0.35933163625618864,-0.09026069710757208,0.03413591259703448,0.05545222711430925,-0.32627997811002807,27.91013199880742,-0.7769452449567725
SLG,1258,2013-02-11,2018-02-07,0.025502968472129517,0.19740134828796235,0.22654470907690583,0.3130572556187866,0.9373768797734396,0.6013135518066196,0.1577262729295577,-0.08428659245337347,0.01993769755266695,0.029263954339350768,-0.388791781039677,3.01502712972353,-0.398955223880597
ETR,1258,2013-02-11,2018-02-07,0.02455591328305151,0.17783781219407288,0.22553251555674594,0.30931745295043384,0.500863882534983,0.35664199256851475,0.1661433986354885,-0.028823359226321118,0.01864907892612001,0.026761449548060107,-0.3906438656544082,1.2046318223781818,-0.32503290917068983
KSU,1258,2013-02-11,2018-02-07,0.024111750156526668,0.26709329026943984,0.2244560780103703,0.30232502764378233,1.267943815118539,0.601137609917729,0.21344640831385947,-0.11455050206649649,0.026019019774277712,0.04044743202845409,-1.0754480862456843,8.884628602050423,-0.4887988560533838
NRG,1258,2013-02-11,2018-02-07,0.010009016794855663,0.4023809672925149,0.2244076356364131,0.32618703176371844,1.2340703803359168,0.3883643591688373,0.37079643558079933,-0.07954200956684891,0.03500056629875223,0.058618808478940125,0.7321715952465232,18.094629314607136,-0.7615507169410515
REG,1258,2013-02-11,2018-02-07,0.022786261101564786,0.18723199509302987,0.21411384903338004,0.29519411854805444,0.7287536578136682,0.4928758639562906,0.1629104914409835,-0.060206015886205104,0.01947263871401566,0.027316017477568268,-0.3025325267805529,1.2918589440427282,-0.32555685814771307
HP,1258,2013-02-11,2018-02-07,0.00940373934773353,0.3618558712266604,0.20634929078015757,0.2982205778668104,1.4422368562377277,0.5047052646284436,0.312387177890018,-0.12381965328746923,0.03620797544280955,0.05044704558809043,0.16843198349603059,2.1317738615441364,-0.642066108715868
LB,1258,2013-02-11,2018-02-07,0.014031705228695346,0.29798789185348246,0.19808658130472181,0.2651846794629915,0.9672698333179206,0.4110417107848477,0.27165069027854544,-0.07409344897302171,0.026333163561761044,0.044890213498664566,-1.1319686369942235,10.870561320460753,-0.64019157852724
NFX,1258,2013-02-11,2018-02-07,-0.007951713453133169,0.42780079242133506,0.1951397235339758,0.27917442176838997,1.6209434035031531,0.4798031948715248,0.37534220871147406,-0.1396019788744664,0.04449721540882982,0.06106491722515107,0.08603428182836814,3.6038025792295545,-0.5040017785682523
BXP,1258,2013-02-11,2018-02-07,0.01872081714500906,0.18596682494321282,0.19282377083302882,0.2689240428561027,0.8124196899269712,0.5531995688424011,0.15491943297533642,-0.07595072174143377,0.018945994300633408,0.02719856177491056,-0.2146482517387627,2.419075117530458,-0.2525908525632171
L,1258,2013-02-11,2018-02-07,0.01768342909037446,0.15324765438089782,0.19099220065964104,0.2710204430091081,0.9047667859560938,0.7476178846774121,0.10177623105500534,-0.095249741060949,0.015520515514549,0.022177225043267506,-0.07033225905028444,2.209271873279837,-0.3046747967479678
PM,1258,2013-02-11,2018-02-07,0.018010558790665376,0.16382075130366522,0.19078502575457087,0.2679698724930669,0.6307533709793025,0.4875594019700858,0.14303022987047498,-0.05555310874378343,0.016711403245190437,0.024604916660198144,0.08946445449450781,5.553047463304729,-0.2188925756947303
GGP,1258,2013-02-11,2018-02-07,0.017574295377577043,0.22437195604713706,0.18868012461210099,0.2769881514113667,0.8157257787630552,0.4603757950822719,0.19918039901304468,-0.06993001919174635,0.022574349736101885,0.03123899516605261,1.1807129434059354,17.127821918578473,-0.4053800437910534
CAG,1258,2013-02-11,2018-02-07,0.014629387571013952,0.23194176556889523,0.1866421750949238,0.23584358103573289,0.6564587342851701,0.3583978049424609,0.21653363414680515,-0.0470552490644973,0.017303727152907754,0.03210315831442224,-5.589771913441302,115.99140635709534,-0.3338126540673789
K,1258,2013-02-11,2018-02-07,0.017406775838000987,0.16968708189936044,0.18646392224685227,0.2658371305397583,0.5797810599066809,0.4326653453544308,0.15298216944910534,-0.04815205387741302,0.016621403935984946,0.02456844647502694,0.06286257251765622,4.538564137209836,-0.32317774200965665
HRB,1258,2013-02-11,2018-02-07,0.010767166543163675,0.29028888622746485,0.1826644328004113,0.2556946397326958,0.901158015960558,0.39310395193868597,0.26691889971856636,-0.07099673482347596,0.025279290371387993,0.04166394663929392,-0.19392779741737134,14.916918752835565,-0.47967914438502646
PG,1258,2013-02-11,2018-02-07,0.015610716768422295,0.1419529893585515,0.18023245480535585,0.25056977068252556,0.5478497475145537,0.48871288782955674,0.12384612985603356,-0.049813478861259565,0.013000692843805327,0.021076331455653338,-0.4128856490853537,4.607892759755624,-0.27177402097153847
WRK,661,2015-06-25,2018-02-07,0.006224281741987303,0.3128126334204383,0.17752197674401987,0.2428590968123425,1.4270954395238316,0.6070390399558472,0.2485834442504562,-0.0862810803163184,0.032258064516129004,0.04574034097460498,-0.6001607895256973,7.631015438886793,-0.5393137405754728
DUK,1258,2013-02-11,2018-02-07,0.015208333319569611,0.15470799798108878,0.1751809805881176,0.23527218455815282,0.4000007060304089,0.32740466305892013,0.1461811457874563,-0.027948339363085786,0.01657604975279946,0.02410397101393877,-0.6231820367212195,2.329395538990559,-0.2633169203222927
GPS,1258,2013-02-11,2018-02-07,0.0024123096732104887,0.31829343471252086,0.16863906951625568,0.2322369688066562,0.9910696676709538,0.39428783008240087,0.2925075288385352,-0.08271960366890445,0.02548280143477999,0.04677216216103596,-0.738622658883946,12.769663235948281,-0.6331830864992487
COTY,1172,2013-06-14,2018-02-07,0.0014822771563032244,0.3342702191044337,0.168606285359503,0.25786085922699364,0.8258167668536249,0.3115065146920813,0.3176382756703054,-0.05063388909311624,0.0296939148603923,0.04550004991930508,1.4997792302069606,18.972113780364243,-0.5605875152998777
ARNC,1258,2013-02-11,2018-02-07,-0.013189329425322138,0.38384857264153616,0.1663388343489112,0.22333739576450662,1.482363878566493,0.48902578914102407,0.3348193358484994,-0.14016192713146294,0.03245191735733836,0.055973755761977176,-2.1081508688682007,33.8324641830274,-0.6715909090909089
NWS,1168,2013-06-20,2018-02-07,0.010495319027099326,0.23623121196963567,0.16204231355947793,0.23404091387675088,1.0880899198340221,0.5803531954685835,0.19237840414447632,-0.10379468277958495,0.022634571978651503,0.03305814036202763,0.19416493481469962,3.3369891311033624,-0.399338113623828
FAST,1258,2013-02-11,2018-02-07,0.009880366026038923,0.23646015778446658,0.15998321221653303,0.22291411236084302,1.0547236907426494,0.564829791015596,0.19512867976951795,-0.10732706408951528,0.022589966465754212,0.03570789439127354,-0.1649105114265163,4.516290303990382,-0.3324558104550598
WMB,1258,2013-02-11,2018-02-07,-0.035863390427564035,0.46924079945486474,0.15850221715564397,0.23002730688004042,1.703416556470182,0.4596867298865894,0.41672390388783964,-0.1600575968877997,0.03373752720318417,0.06665283549752833,0.5703546194055463,40.73290962239841,-0.8166283273085772
TPR,1258,2013-02-11,2018-02-07,0.004744795228202925,0.2714194658533239,0.1539556591679828,0.21298666846396516,0.9525893726325565,0.4444282012850211,0.24314148635105362,-0.08931388538781684,0.025137947354501054,0.03995192947216949,-0.4309768489992216,10.676150506691327,-0.5395973154362419
TRIP,1258,2013-02-11,2018-02-07,-0.02683303701259976,0.4175528404346098,0.14248612308171235,0.21014717627735724,1.318915979161362,0.39998394212606625,0.3826964258238111,-0.12202079109034401,0.03533645919592981,0.05719509029960251,0.7050979599569374,20.9388586801095,-0.7272479811269397
HPE,580,2015-10-20,2018-02-07,-0.02644408511263463,0.3977328283925771,0.14209722396828883,0.18115406536554982,1.464067489963925,0.4481307443974164,0.35556043245574853,-0.1302014925100022,0.028678480060845883,0.06303414033078944,-2.600891676290076,29.833101444743214,-0.4713478611783698
T,1258,2013-02-11,2018-02-07,0.0092554901894919,0.15927023766534,0.1376042995049476,0.18926275716794402,0.5774200089854511,0.45908602200586995,0.14149437618189656,-0.05755136277183961,0.015537068531116117,0.02384741175557253,-0.3203486379401699,3.3420371911184246,-0.24407637451115693
NWSA,1168,2013-06-20,2018-02-07,0.0035276851335652726,0.24407640971127012,0.1363834620530292,0.19461351397750612,1.1678743405679983,0.6028859756874435,0.19473083820316428,-0.11920376476904636,0.023066083347090906,0.03481960257455158,0.04311402342949884,3.8885799547456714,-0.43478260869565133
O,1237,2013-02-11,2018-02-07,0.004609869860913607,0.2253629859753399,0.13314472722619225,0.1835961778893931,0.5245770917480542,0.29491598186262424,0.21533955891498047,-0.038660789638752656,0.02276663074413956,0.03273153626341675,0.20665881238249081,31.84943614968551,-0.3357083198611809
XRX,1258,2013-02-11,2018-02-07,-0.004187168983334821,0.2771546465457009,0.12735244571788837,0.1645698184444276,1.2201703814454126,0.5574875633838952,0.23008971077428203,-0.13263005673579523,0.02495181405895691,0.0419267777340508,-2.148083191235451,21.548651168846973,-0.5195530726256987
FRT,1258,2013-02-11,2018-02-07,0.006568279030394697,0.17297089646380787,0.12436415518277452,0.17327030702265708,0.6850122476247885,0.5014898749008063,0.14964810854589364,-0.0727636726132228,0.01838553061787455,0.025254723386831192,-0.13310184322547028,1.757019694756349,-0.34640446140299364
COP,1258,2013-02-11,2018-02-07,-0.007876665649656167,0.29872185606578405,0.12227587183850165,0.17885578505127764,1.2549956952088794,0.5320005801305202,0.2529409359771958,-0.13619274950925753,0.027611387265901937,0.04199822149070736,0.3880752591218927,7.393369022463731,-0.632549562010143
EQR,1258,2013-02-11,2018-02-07,0.005079046691697009,0.17972909103988025,0.11841540650891645,0.1598117666129444,0.6069905200706895,0.4276617406004274,0.16246410698008287,-0.062254590891516866,0.019667110310983674,0.02727937610255871,-0.6046304667278672,3.010757369184872,-0.306331584726119
KHC,654,2015-07-07,2018-02-07,0.0031082357509681913,0.2045759213926798,0.11664056486722728,0.17369028031663278,0.7913613346157112,0.5142958478177058,0.17544693665310698,-0.06137975628677672,0.019647734694627238,0.028869177235827374,0.8470878734307228,8.713783871043415,-0.23900672529746447
CSRA,560,2015-11-17,2018-02-07,-0.007795738596180879,0.2856939747185972,0.11472566951646114,0.16549711709694126,0.9222540285059012,0.3920565955261337,0.2628216291230262,-0.08780794677719507,0.027106955896944552,0.04181414435552496,0.36711993704804985,5.226385252209879,-0.3291944276196247
CF,1258,2013-02-11,2018-02-07,-0.026877556875435693,0.369376097895695,0.1108399838416027,0.15878798122794496,1.138884520384409,0.39043412557325957,0.3400590373179171,-0.1157977428141798,0.03644722470072175,0.05288990532616147,0.07260067910401985,3.3620771485026038,-0.68905977945444
QCOM,1258,2013-02-11,2018-02-07,-0.005781148907048506,0.2565587009574921,0.10779062107943808,0.14155173668619464,0.9523913217426483,0.4700732633644031,0.2264457391501156,-0.10341856962121533,0.020695635083160285,0.040918790406373244,-1.366905614037144,16.738871999659484,-0.4735294117647063
IRM,1258,2013-02-11,2018-02-07,-0.006337778985984421,0.26073582901586534,0.10551706809151988,0.1503260134907806,0.8346848812226673,0.40537662449622897,0.2383515967452783,-0.0873617207524655,0.024212276557296315,0.03745031518732503,0.5828736367373584,26.385880772986255,-0.4022876612314432
NEM,1258,2013-02-11,2018-02-07,-0.03799627180183118,0.3992165342515304,0.10280884391527365,0.14609492234546625,0.48544645963428895,0.15398190450922003,0.3944553452612771,-0.02576674975246511,0.03842539439554364,0.05833461019149755,-0.03562985192559556,2.190107357644108,-0.6565812720848054
CVX,1258,2013-02-11,2018-02-07,-0.0006070242900004796,0.20545720610373258,0.0997199479126311,0.14177384708636945,1.0032515365774055,0.6183371277230849,0.16147148306537565,-0.11758466444296775,0.020085057216016156,0.03021042804240165,0.008434929137752335,2.6560372829724495,-0.4807563959955502
MAC,1258,2013-02-11,2018-02-07,-0.004757174697284539,0.2204719272729615,0.08842047755254627,0.1257918423226089,0.818423645582459,0.47006913770216147,0.19459504835366342,-0.09314160959370323,0.02264471644662995,0.031362667554118144,0.1712204383832747,5.512259906676187,-0.44440931605016376
PPL,1258,2013-02-11,2018-02-07,-0.00026449851576193506,0.17100240635695177,0.08437801338180731,0.11287113835651084,0.5489342705568103,0.40649479783354514,0.15623687794505134,-0.061118429134350206,0.017250453308582936,0.025653966850865684,-0.7473799700099866,5.09324675692025,-0.24937593609585562
AES,1258,2013-02-11,2018-02-07,-0.010911461916282339,0.2518894320765738,0.08247870339757589,0.11584903831327042,1.0425505502858572,0.5241119276457419,0.21452148173920535,-0.12270587318988596,0.025372061071876072,0.03571996744931052,-0.09552537766370683,2.092619760325821,-0.45150931278098894
COG,1258,2013-02-11,2018-02-07,-0.03171979788052004,0.34516241033440476,0.07866597994264148,0.11570912303019325,1.1308734337894757,0.4148846600750328,0.3140543072952669,-0.12848431567182636,0.03202477153937262,0.04728471677439248,0.24305360585896102,3.1525396594426653,-0.6387887527036777
HOG,1258,2013-02-11,2018-02-07,-0.017177373435938503,0.27543177836689964,0.07450458590306852,0.10481526014986108,1.1462788442338108,0.5270030148443652,0.23407939146903245,-0.13723609937066578,0.02492876339872266,0.039831933848934145,0.3873026175737155,19.55902328537883,-0.4929672707600755
JWN,1258,2013-02-11,2018-02-07,-0.024574139415568075,0.2971734236484769,0.06592425109257687,0.09100962147608917,0.9812943539011533,0.41814431939270397,0.2699465751193423,-0.1154600459302758,0.0265385840274376,0.045240653312224925,-0.440614621569225,11.491082206528693,-0.5602526724975707
SO,1258,2013-02-11,2018-02-07,-0.0023407205578421797,0.1467331771925551,0.05753942005012886,0.07823892795232906,0.3376466317309484,0.29138753470233053,0.14036570466559126,-0.03802579478328675,0.015263596862015956,0.02183244253090833,-0.42446953365955586,1.6155013351446972,-0.21178253457094087
LUK,1258,2013-02-11,2018-02-07,-0.013234942787126669,0.23011906520869127,0.05725261098225801,0.08075960802479601,1.2151346901787696,0.6686651472101486,0.17110817504844766,-0.15405842270998943,0.023539973487310375,0.032836952802668906,-0.11017458270373712,2.741853927921637,-0.5512422360248443
SIG,1258,2013-02-11,2018-02-07,-0.044431999130435273,0.35450871718410626,0.05446746030970214,0.0742522467213961,1.0464115764299982,0.3737769239844037,0.3288134400869212,-0.12470357254841428,0.03007227167706778,0.050655696822107014,-1.3278923622308425,36.250173642887944,-0.6827878627269112
CMG,1258,2013-02-11,2018-02-07,-0.032317336852582756,0.308378426471437,0.04759971044240388,0.06800729414927206,0.7450867815651031,0.30595653894885366,0.2935902870979646,-0.08786410712421633,0.026563487630369403,0.045293236914426015,0.18175791830875937,12.315021227414475,-0.6454069176663109
FLR,1256,2013-02-11,2018-02-07,-0.023355462696558194,0.26813377373162833,0.046822264681734956,0.06428282968681923,1.3778879189380417,0.6512376290447617,0.2034797145401291,-0.17687897065432753,0.025146827048329323,0.03908760183521138,-0.5494251764442677,6.219953424788205,-0.5549312612074122
SPG,1258,2013-02-11,2018-02-07,-0.00991736383286812,0.18472283772788586,0.03874449668373649,0.05199846251184762,0.7130291292213922,0.4887913925308348,0.16115233222276312,-0.09097389185413449,0.019734215796820397,0.028159994921566033,-0.541156952962903,1.756012273388154,-0.3310193321616871
PRGO,1258,2013-02-11,2018-02-07,-0.04177752717494998,0.31664494820435185,0.02379534600430155,0.033389212200801495,0.8350240297777465,0.3339360291668585,0.2984681791621303,-0.10738580031302598,0.02903262261910784,0.04707493271583477,0.12137705103361693,17.30695293013284,-0.6752908832048699
NAVI,959,2014-04-21,2018-02-07,-0.048879740760331525,0.3358252217506256,0.018869755804284852,0.026491606392790256,1.2990475045694811,0.49194288952752174,0.29237866354614356,-0.13821079645917533,0.03221763412763634,0.05045387899418535,0.021409817685036445,8.406705973532688,-0.6273814798404964
PDCO,1258,2013-02-11,2018-02-07,-0.01930661588430438,0.2124592279322596,0.01641885776246405,0.021277720237829326,0.844439081431359,0.5033030874191903,0.1835881323959625,-0.11272788837463757,0.020052258659959885,0.0331944421302329,-1.872733073164411,22.052512491589976,-0.3524733268671185
PCG,1258,2013-02-11,2018-02-07,-0.015906132143160168,0.19439919670392003,0.016141333315386266,0.020881433284597708,0.4739653536859753,0.3087372270576729,0.18490228520346255,-0.06209178662764532,0.017873887048905305,0.029230641683504956,-1.698625341590567,16.95341825465154,-0.4482951369480156
FCX,1258,2013-02-11,2018-02-07,-0.12925027805503808,0.5416819722437641,0.012544011785777878,0.01851450024147501,2.080149317276894,0.4862806598687655,0.47332315789579743,-0.2794864179289715,0.05223613307641909,0.07835592996683956,0.6766398049045588,7.914804043908481,-0.9042008196721311
HCN,1258,2013-02-11,2018-02-07,-0.019211103944778984,0.2025434163188085,0.006161326609424365,0.008064845036646189,0.5994947107035387,0.37480389329743397,0.18777883490126931,-0.08125773472177862,0.021379006986800727,0.0325536005026439,-0.8036541889909955,3.2302981753566318,-0.3633020993950894
SLB,1258,2013-02-11,2018-02-07,-0.02481014222163147,0.23019464331508063,0.005675833974286711,0.008260495022469734,1.0536579004187603,0.5796172251158058,0.1875830530393244,-0.14370349334689547,0.022937553024226065,0.030985501766690668,0.22583748969243034,2.0375896489745347,-0.48232301822806256
EQT,1258,2013-02-11,2018-02-07,-0.050845833945581176,0.32267019697132526,-0.001131243659514926,-0.0016421752295735339,1.0574059750757907,0.4149729371713816,0.2935762368799046,-0.14589088863430424,0.029820538061220477,0.04500355384401302,0.45893819763320887,9.325245064716132,-0.5661871813546959
BEN,1258,2013-02-11,2018-02-07,-0.03341809476556501,0.23323517125479595,-0.02926971687666173,-0.040793343421869833,1.4136646642971296,0.7675191671749795,0.1495098080415646,-0.20138282512147224,0.024647098931159184,0.03430740215892978,0.1502702523019093,5.233999682561057,-0.47858599592114215
APC,1258,2013-02-11,2018-02-07,-0.07020522914199645,0.3515794061413063,-0.03162871987977145,-0.04518546805666894,1.5198763015263974,0.5474212902375056,0.2942217485371722,-0.22029351825521434,0.033045758446341125,0.05204719600975338,0.23379022839946798,5.422247049273925,-0.7289910373591268
FLS,1258,2013-02-11,2018-02-07,-0.04606728537677762,0.2748017646520629,-0.03365173784646525,-0.04655967669312947,1.3317862664747913,0.6136940089954089,0.21696807322615572,-0.19253511127729986,0.027449989779392142,0.03979588031627537,-0.30336669670490607,6.00308628861585,-0.56591048436542
F,1258,2013-02-11,2018-02-07,-0.03865112557792594,0.22796035291411848,-0.05827465116253173,-0.07813382124868819,1.144714322429791,0.6358792667880735,0.1759371890749384,-0.17082602214267564,0.023431382851168997,0.03607719748627787,-0.6102534335334476,3.0928678660780076,-0.4260089686098648
DVN,1258,2013-02-11,2018-02-07,-0.094746238967374,0.3902800671202258,-0.060644780352567075,-0.08733850028454049,1.6154950953047449,0.52416273472166,0.3323695782297742,-0.24600153084552137,0.039240686167281866,0.05622259665182211,0.3221481542067771,4.089659138479954,-0.7654088050314466
XOM,1258,2013-02-11,2018-02-07,-0.027892288919928787,0.1750355808856402,-0.07407716370396736,-0.10372612814926878,0.8628056749684548,0.6241996510560488,0.1367491501808074,-0.13171007450681446,0.01760359655895232,0.026197661684134475,-0.07117651508207196,3.529389273092165,-0.34173213259244994
HES,1258,2013-02-11,2018-02-07,-0.08133828224279405,0.342157135702972,-0.07691072177782375,-0.10901267203791408,1.469867452583786,0.5439881514900125,0.28710162247958204,-0.22860657850905766,0.033807017806571464,0.048607953382524716,0.09115660214587344,4.076656353060753,-0.6599406528189908
OXY,1258,2013-02-11,2018-02-07,-0.04594242097362955,0.22633190336381284,-0.0945633038810107,-0.1325441570490799,1.0254144987526053,0.5737075257845384,0.18537946282759518,-0.1625257243707274,0.023228995458808136,0.03288344544672841,-0.06960050068246007,2.2401577918058497,-0.4484266565262859
SCG,1258,2013-02-11,2018-02-07,-0.04948293406780824,0.2322556939551139,-0.10437671044462332,-0.14986421986118253,0.5647945330775517,0.3079363680493635,0.22096968247084395,-0.10197213200295281,0.0208484558380386,0.03388360999095395,2.200817967024689,48.44770903546053,-0.5183920126116661
SRCL,1258,2013-02-11,2018-02-07,-0.05537454250848817,0.23808094212169487,-0.11376000933408652,-0.13870017654794778,0.7815276381773335,0.41567755748713947,0.21653748561806618,-0.1346421068644082,0.017160702247976244,0.035469285653946296,-4.616683291340939,64.10913549484162,-0.5856536727658443
VNO,1258,2013-02-11,2018-02-07,-0.04458963619838052,0.20525898096540895,-0.1161939740349251,-0.14751225343239882,0.8497214461617438,0.5242172162802682,0.17479538469488837,-0.14079307023098536,0.018068156256632318,0.030179630213015826,-3.340961956232194,47.92632876439944,-0.4658730158730161
VTR,1258,2013-02-11,2018-02-07,-0.047171068892317924,0.21440186547325177,-0.1168776451618679,-0.14988545707580114,0.5928526925523954,0.35015078607936606,0.20082880105260265,-0.10665034592799347,0.022845408055147308,0.03535499361177381,-1.2795564934884853,8.26321392379643,-0.4160135053659717
DISCK,1257,2013-02-11,2018-02-07,-0.07068222667488577,0.27936416626337784,-0.12206004593195675,-0.1681699529974061,1.12918518474658,0.5119413336858286,0.23997952162947328,-0.1907620344542183,0.027697870270916077,0.04094735498361285,-0.3528787543514267,3.4256751747282563,-0.6498509516166016
M,1258,2013-02-11,2018-02-07,-0.0912465703254357,0.3252064198695978,-0.12957692543490243,-0.1755197290159565,1.0211939405887296,0.3976362666339969,0.2983909171004695,-0.1826814240284539,0.027729414079505244,0.04853166091269786,-0.6583775258538455,15.0540179677613,-0.7592032967032964
MRO,1256,2013-02-11,2018-02-07,-0.14079894521230518,0.43204298299062605,-0.13643245127875014,-0.19601645679651447,1.7512978292303427,0.5137007124863339,0.3706796807087881,-0.2997151043672429,0.04327108999502788,0.06397878734015319,0.46583319039789434,5.837584523527612,-0.8385704005756773
FTI,1258,2013-02-11,2018-02-07,-0.08929961887254945,0.3148855913844,-0.13922184233412327,-0.1940683936348809,1.2974589116184285,0.5217683042881072,0.2686248796250113,-0.22240219217914323,0.03019069700016274,0.04604932958672332,-0.1395527886685245,2.3657842806372003,-0.6415302267002521
FE,1258,2013-02-11,2018-02-07,-0.05198955608324762,0.2149980556471196,-0.14070841586666438,-0.1953392439557222,0.5561423694774418,0.3275580818902321,0.20313683752092865,-0.10679132544534205,0.021121670602858945,0.03068958016797133,-0.08615031483096286,5.846335220997761,-0.39570815450643815
DISCA,1257,2013-02-11,2018-02-07,-0.0812063465184576,0.2868999189034411,-0.15111956648562194,-0.20865775822000138,1.16859564842416,0.5158929134388746,0.24577369958060863,-0.20548681938348912,0.029876475043623604,0.04179439284876457,-0.30801652170011945,3.358059698595536,-0.6368503234441223
RL,1258,2013-02-11,2018-02-07,-0.09529899278270726,0.2924715835199185,-0.192641369248613,-0.2569175545548588,1.0134720926649357,0.4387983507509876,0.262810741455906,-0.19582158028344257,0.0232682789489985,0.041561284392947866,-1.4363163876413605,33.379208396051034,-0.6512449883941753
IBM,1258,2013-02-11,2018-02-07,-0.052782851576206546,0.18851860489151653,-0.19288433013519932,-0.25769776756267343,0.8070357746559554,0.5420950459211241,0.15841542223634042,-0.14743086776252953,0.01722555521942951,0.029176470045713648,-0.6226348003211787,8.016781372198913,-0.4538924930491198
APA,1258,2013-02-11,2018-02-07,-0.1413843030684817,0.36251926503963205,-0.23961082947331547,-0.34553206624132493,1.4190518615806937,0.49568302413161963,0.3148492526071355,-0.2821610544143241,0.036681237544395166,0.051144165477359387,0.2587203658718053,3.5126457249702407,-0.6677618863548509
VIAB,1258,2013-02-11,2018-02-07,-0.12458278960171787,0.32265237164204646,-0.24748510320425385,-0.3239684138829471,1.1693481929241514,0.4589293741004119,0.28666784030727865,-0.2407836127020445,0.029667027575242484,0.05063676039441884,-1.2941010057647624,16.577748161036222,-0.738245219347581
CHK,1258,2013-02-11,2018-02-07,-0.32280821604858767,0.661292849231585,-0.26080771034757666,-0.3862961590029167,2.0489401439715498,0.39234878647816873,0.6082680870237719,-0.4544563833739228,0.06093923919129507,0.09123522263195312,0.7029262787055931,11.682186150223973,-0.9492012779552716
NBL,1258,2013-02-11,2018-02-07,-0.14055068576935936,0.34383230241763957,-0.2684754767678904,-0.37799388548679025,1.4327831961204998,0.5276800471231887,0.2920660148399595,-0.28949783369377324,0.0337563583794293,0.04985392069753832,0.05631054128701963,2.596495633694175,-0.7094534898397067
KIM,1258,2013-02-11,2018-02-07,-0.07604814117916725,0.20425587115039473,-0.2847934164366739,-0.38137730190080066,0.8005526437837596,0.49630907472699637,0.17732389693213324,-0.1683470671408054,0.022426446327209755,0.030491448940257113,-0.3168107053977569,1.610509893494687,-0.5486478085172521
NOV,1258,2013-02-11,2018-02-07,-0.13212881854153868,0.31619387845457786,-0.2895533485021325,-0.3984229812252937,1.1858059844213855,0.4748944005422825,0.2782641422759322,-0.2547519628451399,0.03188760471610304,0.04769493861405939,-0.14297150413211993,2.9781071901245837,-0.6952447066990624
GE,1258,2013-02-11,2018-02-07,-0.07495308997426975,0.19135214743602538,-0.31156913145176435,-0.4354273494850159,0.9186957553858748,0.607960324571345,0.15192736836810472,-0.18605524952242428,0.01842525397450609,0.02827035375689859,0.21789048724060295,8.19021462449862,-0.5472213786820521
KMI,1258,2013-02-11,2018-02-07,-0.1441174921595213,0.30327903233975323,-0.36206913242768235,-0.5193248761765046,1.2238918196068655,0.5110195498389981,0.26068928170304095,-0.2782465191768803,0.028374130907909335,0.045086175751400615,0.5026039093433535,8.313007688804756,-0.7305362351357416
MAT,1258,2013-02-11,2018-02-07,-0.1588636144230361,0.319213113530474,-0.382053918177178,-0.5312968344240611,0.8016787577349194,0.31802152859910954,0.30264068329149446,-0.23228794235593497,0.028104137826582998,0.047424506057937674,0.2580109500831567,20.21821886955764,-0.7273107486407366
MOS,1258,2013-02-11,2018-02-07,-0.16305696923995605,0.32223669385182174,-0.38960769076122614,-0.526062083153694,1.1551390922523057,0.4539376000852903,0.2871236813951444,-0.2845223188890627,0.03234854539586582,0.04841590455932299,-0.5523898763220008,6.134112203658709,-0.6984447900466559
CTL,1258,2013-02-11,2018-02-07,-0.1625528488328971,0.29387259966949386,-0.4530150122926424,-0.5906512483406801,0.8967157677149704,0.386395962988798,0.2710483959766198,-0.2565395229456834,0.026639581619089803,0.04585548683210135,-1.552195400777357,22.11970446068029,-0.6742406122937099
HCP,1258,2013-02-11,2018-02-07,-0.12941739455689838,0.2327846938390552,-0.4765251199613468,-0.5961877926755894,0.6542880226154916,0.35591920114452164,0.21754119132973945,-0.2009743738838115,0.02482062570457213,0.03753833648273688,-1.8215818182745638,15.975982170067288,-0.5794138929088284
RRC,1258,2013-02-11,2018-02-07,-0.2892708801711963,0.43618549430894876,-0.5647716985352782,-0.798427441054483,1.248156441008539,0.36235534538668257,0.40654233795981365,-0.4181231926243023,0.04390957288088545,0.06292722889773279,0.2638254750546533,3.2714306848511097,-0.8601921024546426
EVHC,296,2016-12-05,2018-02-07,-0.4475576339125116,0.45339272939561265,-1.0485926314507967,-1.228384622197631,1.1306872686304796,0.21246156513863698,0.44304151226139465,-0.6401214002003617,0.031650167027621134,0.06291369317305158,-5.466050269601869,68.88848402197424,-0.6579746136865343
UA,463,2016-04-08,2018-02-07,-0.48796181900026614,0.45394026156074624,-1.2342375801107315,-1.5149365973000246,1.598604024634511,0.3589850826583985,0.4236821004570772,-0.8018365345948081,0.03708478558305902,0.07088958652673999,-2.1289544604844624,17.36311691950944,-0.7684233544719002
